Age,Gender,Tenure_Months,Monthly_Charges,Contract_Type,Internet_Service,Support_Calls,Payment_Method,Total_Charges,Churn
56,Female,65,84.01,Month-to-month,DSL,1,Card,5460.650000000001,No
69,Male,54,46.97,Month-to-month,Fiber,4,Bank Transfer,2536.38,Yes
46,Female,52,86.86,Month-to-month,None,2,Bank Transfer,4516.72,No
32,Female,3,87.12,One year,None,0,Cash,261.36,No
60,Male,41,76.07,Month-to-month,Fiber,5,Cash,3118.87,Yes
25,Female,6,99.42,Month-to-month,DSL,2,Bank Transfer,596.52,Yes
38,Female,25,59.52,One year,DSL,0,Cash,1488.0,No
56,Male,13,96.48,One year,DSL,4,Bank Transfer,1254.24,No
36,Male,8,94.88,Month-to-month,Fiber,3,Cash,759.04,Yes
40,Male,21,40.69,Two year,Fiber,1,Card,854.49,No
28,Female,68,67.01,Month-to-month,DSL,4,Cash,4556.68,Yes
28,Female,25,98.63,One year,Fiber,0,Card,2465.75,No
41,Female,68,46.19,One year,DSL,0,Card,3140.92,No
53,Male,45,72.87,One year,DSL,0,Cash,3279.15,No
57,Male,60,98.74,One year,Fiber,0,Bank Transfer,5924.4,No
41,Female,12,73.33,Month-to-month,DSL,1,Card,879.96,No
20,Female,32,51.39,Month-to-month,Fiber,2,Card,1644.48,No
39,Male,13,74.93,One year,Fiber,5,Cash,974.0900000000001,No
19,Male,31,52.27,Month-to-month,Fiber,3,Bank Transfer,1620.3700000000001,No
41,Male,20,71.18,Two year,DSL,1,Bank Transfer,1423.6000000000001,No
61,Male,18,44.44,Month-to-month,DSL,0,Cash,799.92,No
47,Female,60,76.33,Month-to-month,Fiber,1,Bank Transfer,4579.8,No
55,Male,63,71.01,Month-to-month,DSL,4,Cash,4473.63,Yes
19,Female,6,84.41,Month-to-month,DSL,5,Cash,506.46,Yes
38,Female,32,77.84,One year,Fiber,0,Cash,2490.88,No
50,Female,43,72.98,One year,Fiber,3,Card,3138.1400000000003,No
29,Male,2,81.39,One year,Fiber,0,Card,162.78,No
39,Male,60,48.64,Two year,DSL,5,Card,2918.4,No
61,Male,23,75.72,Two year,Fiber,3,Cash,1741.56,No
42,Male,31,50.33,Two year,DSL,5,Card,1560.23,No
66,Female,5,95.53,Month-to-month,DSL,3,Card,477.65,Yes
44,Male,34,44.1,One year,Fiber,2,Card,1499.4,No
59,Male,10,65.82,Month-to-month,Fiber,2,Cash,658.1999999999999,Yes
45,Female,2,81.75,Month-to-month,None,1,Cash,163.5,Yes
33,Male,11,67.48,One year,Fiber,1,Cash,742.2800000000001,No
32,Female,50,45.53,Month-to-month,None,3,Card,2276.5,No
64,Female,31,73.2,Month-to-month,None,0,Bank Transfer,2269.2000000000003,No
68,Female,56,78.5,Month-to-month,Fiber,4,Card,4396.0,Yes
61,Female,9,82.23,Month-to-month,Fiber,4,Card,740.07,Yes
69,Female,21,62.4,Two year,Fiber,0,Cash,1310.3999999999999,No
20,Female,28,73.82,Month-to-month,None,0,Cash,2066.96,No
54,Female,62,67.04,Month-to-month,Fiber,2,Card,4156.4800000000005,No
68,Female,7,80.32,Month-to-month,DSL,4,Card,562.24,Yes
24,Male,16,75.01,Month-to-month,Fiber,3,Bank Transfer,1200.16,No
38,Male,4,71.55,Two year,DSL,5,Bank Transfer,286.2,Yes
26,Male,4,54.97,Month-to-month,Fiber,1,Cash,219.88,Yes
56,Male,40,40.12,One year,DSL,5,Bank Transfer,1604.8,No
35,Female,17,50.44,One year,Fiber,2,Bank Transfer,857.48,No
21,Male,52,47.02,Two year,Fiber,4,Cash,2445.04,No
42,Female,52,66.95,One year,DSL,0,Bank Transfer,3481.4,No
31,Male,36,76.74,Two year,DSL,4,Card,2762.64,No
67,Male,38,52.79,Month-to-month,DSL,3,Bank Transfer,2006.02,No
26,Male,50,96.34,Month-to-month,Fiber,2,Cash,4817.0,No
43,Female,63,40.4,Month-to-month,DSL,0,Card,2545.2,No
19,Male,63,86.34,Two year,DSL,5,Bank Transfer,5439.42,No
37,Female,62,77.51,Month-to-month,DSL,3,Card,4805.62,No
45,Female,7,62.41,Month-to-month,Fiber,5,Card,436.87,Yes
64,Male,27,43.03,Month-to-month,DSL,1,Bank Transfer,1161.81,No
24,Male,14,77.65,Month-to-month,Fiber,2,Bank Transfer,1087.1000000000001,No
61,Male,71,63.14,Month-to-month,DSL,3,Cash,4482.94,No
25,Female,5,96.18,Two year,Fiber,3,Cash,480.90000000000003,No
64,Male,55,72.52,Month-to-month,DSL,5,Card,3988.6,Yes
52,Female,2,96.38,One year,Fiber,0,Cash,192.76,No
31,Female,62,53.23,One year,DSL,1,Card,3300.2599999999998,No
34,Male,21,83.54,Month-to-month,Fiber,5,Card,1754.3400000000001,Yes
53,Male,21,77.03,Month-to-month,None,3,Cash,1617.63,No
67,Female,10,84.36,Month-to-month,None,2,Cash,843.6,Yes
57,Female,58,52.88,Month-to-month,Fiber,3,Cash,3067.04,No
21,Female,39,79.9,One year,Fiber,4,Bank Transfer,3116.1000000000004,No
19,Male,5,69.88,Month-to-month,Fiber,2,Card,349.4,Yes
23,Female,65,84.57,Month-to-month,Fiber,2,Card,5497.049999999999,No
59,Male,13,59.62,One year,DSL,3,Card,775.06,No
21,Female,53,93.4,Two year,Fiber,0,Cash,4950.200000000001,No
46,Female,45,45.06,Two year,Fiber,2,Cash,2027.7,No
35,Male,32,88.43,Two year,DSL,4,Cash,2829.76,No
43,Female,36,91.68,One year,DSL,5,Cash,3300.4800000000005,No
61,Male,60,89.04,Month-to-month,DSL,0,Cash,5342.400000000001,No
51,Male,11,70.76,One year,Fiber,0,Bank Transfer,778.36,No
27,Female,63,66.3,Month-to-month,DSL,0,Cash,4176.9,No
53,Male,21,99.78,One year,DSL,2,Card,2095.38,No
31,Male,52,53.75,One year,DSL,0,Cash,2795.0,No
48,Female,55,72.81,Month-to-month,Fiber,3,Card,4004.55,No
65,Male,26,80.24,One year,Fiber,0,Cash,2086.24,No
32,Male,68,82.05,Two year,DSL,4,Cash,5579.4,No
25,Male,34,52.24,Month-to-month,DSL,1,Card,1776.16,No
31,Female,52,79.24,Two year,DSL,4,Card,4120.48,No
40,Male,52,89.1,Month-to-month,None,2,Card,4633.2,No
57,Female,29,43.0,One year,Fiber,0,Card,1247.0,No
38,Female,38,94.69,Month-to-month,Fiber,0,Bank Transfer,3598.22,No
33,Male,42,41.77,One year,DSL,3,Card,1754.3400000000001,No
62,Male,21,61.36,Two year,Fiber,5,Cash,1288.56,No
35,Male,42,40.95,Two year,Fiber,0,Cash,1719.9,No
64,Female,13,44.63,One year,DSL,4,Bank Transfer,580.19,No
41,Male,64,94.67,Month-to-month,DSL,2,Card,6058.88,No
43,Male,17,61.29,Two year,DSL,1,Cash,1041.93,No
42,Male,9,65.49,Month-to-month,Fiber,0,Bank Transfer,589.41,Yes
62,Male,41,52.92,Two year,Fiber,1,Cash,2169.7200000000003,No
58,Male,1,75.83,Month-to-month,Fiber,0,Bank Transfer,75.83,Yes
46,Female,2,75.69,Month-to-month,Fiber,2,Bank Transfer,151.38,Yes
32,Female,60,62.33,One year,DSL,5,Card,3739.7999999999997,No
62,Male,48,59.98,Month-to-month,Fiber,4,Bank Transfer,2879.04,Yes
18,Male,29,93.1,Month-to-month,Fiber,2,Cash,2699.8999999999996,No
42,Male,10,63.0,Month-to-month,DSL,1,Cash,630.0,Yes
24,Male,58,69.61,Month-to-month,Fiber,0,Card,4037.38,No
26,Female,60,57.0,Month-to-month,DSL,1,Card,3420.0,No
41,Male,21,87.21,Month-to-month,DSL,4,Bank Transfer,1831.4099999999999,Yes
18,Female,28,63.85,Month-to-month,Fiber,2,Card,1787.8,No
61,Female,34,70.82,Month-to-month,Fiber,1,Cash,2407.8799999999997,No
25,Male,8,55.2,One year,Fiber,1,Cash,441.6,No
41,Female,59,99.26,Month-to-month,DSL,4,Card,5856.34,Yes
28,Female,49,57.49,Two year,Fiber,0,Card,2817.01,No
68,Female,17,86.24,Two year,Fiber,1,Card,1466.08,No
34,Female,60,65.65,Month-to-month,Fiber,4,Bank Transfer,3939.0000000000005,Yes
25,Male,45,52.37,One year,None,0,Bank Transfer,2356.65,No
52,Male,69,87.98,Two year,Fiber,5,Cash,6070.62,No
52,Female,32,60.02,Two year,DSL,0,Bank Transfer,1920.64,No
50,Male,44,91.91,One year,Fiber,5,Bank Transfer,4044.04,No
22,Male,65,94.92,Month-to-month,DSL,2,Bank Transfer,6169.8,No
59,Male,8,91.59,One year,DSL,4,Bank Transfer,732.72,Yes
56,Male,43,42.1,One year,Fiber,0,Cash,1810.3,No
58,Male,1,87.24,One year,None,5,Card,87.24,Yes
45,Female,51,64.68,Month-to-month,DSL,5,Cash,3298.6800000000003,Yes
24,Male,24,92.42,Two year,Fiber,2,Bank Transfer,2218.08,No
26,Male,24,78.28,Two year,DSL,3,Card,1878.72,No
25,Male,17,90.02,Month-to-month,Fiber,4,Card,1530.34,Yes
29,Male,5,69.97,Month-to-month,Fiber,3,Card,349.85,Yes
51,Female,20,72.1,Month-to-month,Fiber,0,Cash,1442.0,No
50,Female,21,48.66,Two year,DSL,4,Card,1021.8599999999999,No
65,Female,58,87.04,One year,Fiber,2,Cash,5048.320000000001,No
40,Female,31,65.16,One year,None,0,Cash,2019.9599999999998,No
41,Male,11,70.0,Month-to-month,Fiber,4,Bank Transfer,770.0,Yes
54,Female,52,87.11,One year,Fiber,4,Bank Transfer,4529.72,No
52,Male,15,75.93,Month-to-month,None,3,Card,1138.95,No
61,Male,7,52.07,Month-to-month,DSL,0,Card,364.49,Yes
57,Male,28,75.41,One year,Fiber,2,Bank Transfer,2111.48,No
39,Male,51,64.46,Two year,Fiber,2,Cash,3287.4599999999996,No
44,Male,58,68.17,Two year,DSL,0,Cash,3953.86,No
52,Female,5,41.7,Two year,Fiber,0,Bank Transfer,208.5,No
18,Female,5,52.6,Month-to-month,DSL,5,Cash,263.0,Yes
52,Female,8,56.86,Month-to-month,Fiber,1,Bank Transfer,454.88,Yes
54,Female,64,82.78,One year,Fiber,3,Bank Transfer,5297.92,No
64,Male,10,40.69,Two year,DSL,0,Card,406.9,No
31,Female,38,64.53,Month-to-month,Fiber,0,Card,2452.14,No
20,Male,8,95.44,Month-to-month,DSL,1,Bank Transfer,763.52,Yes
18,Female,25,46.71,Month-to-month,DSL,1,Card,1167.75,No
22,Male,66,70.99,One year,DSL,4,Bank Transfer,4685.339999999999,No
43,Male,50,87.19,Month-to-month,Fiber,2,Cash,4359.5,No
31,Female,67,96.55,Month-to-month,DSL,3,Cash,6468.849999999999,No
56,Male,49,84.81,Month-to-month,Fiber,4,Cash,4155.6900000000005,Yes
44,Male,36,83.23,Month-to-month,Fiber,0,Cash,2996.28,No
26,Female,68,89.59,Two year,DSL,1,Bank Transfer,6092.12,No
32,Male,41,66.77,Month-to-month,Fiber,5,Cash,2737.5699999999997,Yes
32,Female,62,88.35,One year,Fiber,2,Cash,5477.7,No
43,Female,10,40.48,One year,Fiber,4,Cash,404.79999999999995,Yes
59,Female,21,95.47,Two year,DSL,5,Cash,2004.87,No
30,Male,36,66.6,Month-to-month,DSL,2,Bank Transfer,2397.6,No
68,Male,12,73.2,Two year,DSL,5,Cash,878.4000000000001,No
49,Male,2,55.29,One year,DSL,1,Card,110.58,No
56,Female,13,84.55,Two year,DSL,4,Card,1099.1499999999999,No
66,Male,53,44.6,Two year,DSL,4,Card,2363.8,No
69,Female,32,92.36,Month-to-month,DSL,2,Card,2955.52,No
49,Female,16,89.69,Month-to-month,DSL,5,Card,1435.04,Yes
21,Male,32,52.96,Month-to-month,DSL,1,Card,1694.72,No
47,Female,32,88.56,One year,DSL,0,Bank Transfer,2833.92,No
54,Male,11,87.18,Month-to-month,None,4,Card,958.98,Yes
40,Male,10,77.93,Month-to-month,DSL,0,Cash,779.3000000000001,Yes
56,Male,15,62.41,Month-to-month,Fiber,1,Card,936.15,No
62,Male,17,56.29,Month-to-month,DSL,4,Bank Transfer,956.93,Yes
32,Male,40,53.91,Month-to-month,None,4,Card,2156.3999999999996,Yes
60,Female,18,59.12,Month-to-month,DSL,5,Cash,1064.1599999999999,Yes
46,Female,55,94.21,Month-to-month,None,0,Cash,5181.549999999999,No
53,Female,25,44.66,Month-to-month,Fiber,5,Bank Transfer,1116.5,Yes
30,Male,59,89.73,Month-to-month,DSL,3,Bank Transfer,5294.070000000001,No
49,Male,22,60.93,Month-to-month,Fiber,0,Bank Transfer,1340.46,No
24,Male,30,71.3,Two year,Fiber,0,Bank Transfer,2139.0,No
68,Female,44,87.67,One year,DSL,3,Card,3857.48,No
39,Male,32,93.06,Month-to-month,Fiber,1,Card,2977.92,No
45,Female,51,60.69,Month-to-month,None,1,Cash,3095.19,No
19,Female,46,67.71,Two year,Fiber,4,Bank Transfer,3114.66,No
59,Male,21,64.87,Two year,DSL,2,Bank Transfer,1362.27,No
62,Male,32,40.8,Two year,Fiber,5,Card,1305.6,No
23,Female,39,57.76,One year,Fiber,2,Bank Transfer,2252.64,No
45,Male,12,67.55,Month-to-month,Fiber,4,Cash,810.5999999999999,Yes
45,Female,47,64.67,Month-to-month,Fiber,2,Cash,3039.4900000000002,No
61,Male,18,83.32,Month-to-month,DSL,0,Bank Transfer,1499.7599999999998,No
61,Male,21,63.09,Two year,None,0,Cash,1324.89,No
37,Female,13,69.36,One year,DSL,3,Cash,901.68,No
47,Male,21,65.78,One year,DSL,3,Card,1381.38,No
28,Female,8,84.44,Month-to-month,Fiber,4,Cash,675.52,Yes
45,Male,46,91.78,Two year,Fiber,4,Bank Transfer,4221.88,No
42,Female,7,71.91,Month-to-month,DSL,4,Bank Transfer,503.37,Yes
56,Female,23,87.37,Month-to-month,Fiber,0,Cash,2009.5100000000002,No
50,Male,22,57.81,Month-to-month,DSL,2,Bank Transfer,1271.8200000000002,No
18,Female,22,72.48,One year,Fiber,5,Card,1594.5600000000002,No
44,Male,29,60.71,Month-to-month,Fiber,4,Cash,1760.59,Yes
69,Male,13,64.85,Two year,DSL,4,Cash,843.05,No
30,Male,2,83.94,Month-to-month,DSL,0,Cash,167.88,Yes
58,Female,29,92.9,One year,DSL,5,Bank Transfer,2694.1000000000004,No
20,Female,52,47.29,One year,None,0,Bank Transfer,2459.08,No
56,Male,27,78.08,Month-to-month,DSL,5,Cash,2108.16,Yes
23,Male,50,74.93,Two year,DSL,0,Bank Transfer,3746.5000000000005,No
25,Female,23,47.1,One year,Fiber,2,Bank Transfer,1083.3,No
44,Male,44,52.71,One year,Fiber,4,Cash,2319.2400000000002,No
26,Male,22,58.66,Two year,DSL,1,Cash,1290.52,No
54,Female,43,50.02,One year,Fiber,1,Bank Transfer,2150.86,No
50,Male,37,54.62,Month-to-month,DSL,4,Cash,2020.9399999999998,Yes
68,Female,61,56.06,One year,None,4,Cash,3419.6600000000003,No
59,Male,56,60.14,Month-to-month,DSL,4,Cash,3367.84,Yes
61,Female,3,84.96,Month-to-month,DSL,4,Cash,254.88,Yes
41,Male,63,74.31,Month-to-month,Fiber,5,Bank Transfer,4681.53,Yes
32,Male,19,99.17,One year,DSL,2,Cash,1884.23,No
49,Female,23,64.88,One year,Fiber,1,Card,1492.2399999999998,No
49,Male,29,85.23,Month-to-month,DSL,3,Cash,2471.67,No
41,Female,30,92.29,One year,DSL,1,Card,2768.7000000000003,No
58,Male,39,80.74,Two year,Fiber,1,Cash,3148.8599999999997,No
69,Female,25,64.71,Month-to-month,Fiber,0,Card,1617.7499999999998,No
66,Female,8,85.22,Month-to-month,Fiber,4,Card,681.76,Yes
66,Female,58,52.22,One year,DSL,4,Cash,3028.7599999999998,No
69,Female,16,59.65,Month-to-month,DSL,4,Cash,954.4,Yes
29,Male,1,72.8,One year,DSL,0,Cash,72.8,No
56,Male,5,74.52,Month-to-month,DSL,2,Card,372.59999999999997,Yes
19,Female,3,41.33,Month-to-month,Fiber,2,Bank Transfer,123.99,Yes
20,Female,65,96.71,One year,Fiber,3,Bank Transfer,6286.15,No
66,Female,4,81.8,One year,DSL,2,Cash,327.2,No
54,Male,64,69.74,Two year,DSL,2,Bank Transfer,4463.36,No
66,Male,10,95.99,Two year,DSL,4,Bank Transfer,959.9,Yes
34,Male,21,66.35,One year,DSL,5,Cash,1393.35,No
66,Male,46,98.83,One year,DSL,1,Card,4546.18,No
19,Female,27,70.74,Month-to-month,None,2,Cash,1909.9799999999998,No
19,Female,66,46.86,One year,Fiber,2,Bank Transfer,3092.7599999999998,No
45,Female,41,85.89,Month-to-month,None,0,Card,3521.4900000000002,No
40,Male,13,80.73,Two year,Fiber,3,Bank Transfer,1049.49,No
54,Male,9,86.38,Month-to-month,Fiber,5,Card,777.42,Yes
49,Male,36,97.09,One year,Fiber,0,Bank Transfer,3495.2400000000002,No
50,Female,58,86.59,Month-to-month,DSL,4,Cash,5022.22,Yes
18,Female,54,76.68,One year,Fiber,1,Bank Transfer,4140.72,No
36,Male,12,91.44,Two year,None,3,Bank Transfer,1097.28,No
19,Female,14,80.39,Month-to-month,DSL,0,Card,1125.46,No
61,Male,34,64.49,Two year,Fiber,2,Bank Transfer,2192.66,No
43,Male,53,93.14,Month-to-month,DSL,2,Cash,4936.42,No
49,Female,20,53.31,One year,Fiber,3,Cash,1066.2,No
23,Male,16,82.88,Two year,None,2,Cash,1326.08,No
49,Female,70,92.89,Month-to-month,Fiber,0,Card,6502.3,No
21,Male,56,83.88,Two year,Fiber,0,Card,4697.28,No
28,Female,58,81.84,Month-to-month,Fiber,2,Bank Transfer,4746.72,No
34,Female,4,85.16,Month-to-month,Fiber,2,Bank Transfer,340.64,Yes
55,Female,4,67.9,Two year,None,4,Bank Transfer,271.6,Yes
41,Male,20,92.45,Month-to-month,Fiber,1,Card,1849.0,No
22,Male,10,52.21,Two year,Fiber,3,Card,522.1,No
69,Female,24,47.64,Two year,Fiber,0,Bank Transfer,1143.3600000000001,No
51,Female,26,57.13,Month-to-month,Fiber,3,Card,1485.38,No
23,Male,37,71.89,One year,Fiber,4,Card,2659.93,No
39,Male,54,70.63,Month-to-month,Fiber,0,Cash,3814.0199999999995,No
28,Male,21,89.24,Month-to-month,Fiber,4,Cash,1874.04,Yes
65,Female,38,64.27,Month-to-month,DSL,4,Bank Transfer,2442.2599999999998,Yes
33,Male,46,69.06,Month-to-month,DSL,5,Bank Transfer,3176.76,Yes
50,Male,4,40.8,Month-to-month,Fiber,2,Cash,163.2,Yes
26,Female,60,64.58,Month-to-month,DSL,5,Card,3874.7999999999997,Yes
23,Male,57,78.87,Two year,DSL,3,Bank Transfer,4495.59,No
33,Male,45,40.93,Two year,Fiber,3,Bank Transfer,1841.85,No
46,Male,20,56.85,One year,DSL,2,Bank Transfer,1137.0,No
20,Female,17,52.48,One year,DSL,5,Card,892.16,No
37,Female,71,42.52,Two year,Fiber,3,Cash,3018.92,No
53,Female,4,68.76,Month-to-month,None,5,Bank Transfer,275.04,Yes
36,Female,14,50.9,One year,Fiber,2,Cash,712.6,No
43,Female,3,84.58,Two year,None,0,Cash,253.74,No
20,Female,58,90.88,Month-to-month,Fiber,4,Card,5271.04,Yes
36,Female,55,72.74,One year,DSL,4,Card,4000.7,No
37,Male,4,98.9,Two year,Fiber,5,Card,395.6,Yes
49,Male,24,67.03,Two year,Fiber,3,Card,1608.72,No
24,Female,34,70.8,One year,DSL,5,Card,2407.2,No
69,Male,30,99.35,Month-to-month,DSL,5,Card,2980.5,Yes
58,Male,19,53.89,Month-to-month,Fiber,1,Bank Transfer,1023.91,No
50,Female,31,96.55,Month-to-month,DSL,4,Cash,2993.0499999999997,Yes
57,Male,60,42.57,One year,Fiber,2,Card,2554.2,No
56,Male,60,66.78,Month-to-month,DSL,5,Bank Transfer,4006.8,Yes
35,Male,19,44.2,Two year,Fiber,1,Cash,839.8000000000001,No
57,Male,49,83.75,Month-to-month,Fiber,1,Card,4103.75,No
18,Male,63,76.5,Month-to-month,DSL,4,Card,4819.5,Yes
28,Female,22,82.4,Month-to-month,DSL,4,Bank Transfer,1812.8000000000002,Yes
45,Female,24,62.47,One year,Fiber,4,Cash,1499.28,No
42,Female,30,62.17,Month-to-month,Fiber,2,Card,1865.1000000000001,No
67,Male,58,42.72,Month-to-month,Fiber,1,Cash,2477.7599999999998,No
40,Female,31,61.0,Month-to-month,Fiber,3,Bank Transfer,1891.0,No
48,Male,64,95.76,Month-to-month,Fiber,2,Card,6128.64,No
47,Male,19,62.75,Month-to-month,DSL,0,Cash,1192.25,No
59,Male,48,89.88,Two year,DSL,5,Bank Transfer,4314.24,No
52,Male,45,90.54,One year,DSL,4,Bank Transfer,4074.3,No
24,Female,55,62.39,Month-to-month,Fiber,1,Card,3431.45,No
33,Female,55,77.92,Two year,DSL,5,Cash,4285.6,No
43,Male,18,45.72,Two year,DSL,2,Card,822.96,No
65,Female,63,46.22,One year,Fiber,0,Card,2911.86,No
69,Male,47,42.92,One year,Fiber,2,Cash,2017.24,No
66,Female,57,74.86,Two year,DSL,2,Cash,4267.0199999999995,No
19,Female,45,65.56,Two year,DSL,3,Cash,2950.2000000000003,No
18,Male,33,72.88,One year,Fiber,5,Bank Transfer,2405.04,No
65,Female,17,71.26,Month-to-month,Fiber,3,Bank Transfer,1211.42,No
29,Male,70,61.01,One year,Fiber,2,Cash,4270.7,No
22,Female,4,80.65,One year,DSL,0,Bank Transfer,322.6,No
54,Male,20,85.51,Month-to-month,Fiber,1,Card,1710.2,No
49,Male,47,40.88,Month-to-month,Fiber,1,Cash,1921.3600000000001,No
26,Female,15,52.43,Two year,DSL,5,Card,786.45,No
58,Female,70,82.79,One year,None,4,Cash,5795.3,No
52,Male,47,63.2,Month-to-month,DSL,4,Card,2970.4,Yes
36,Female,9,79.75,One year,DSL,1,Cash,717.75,No
65,Female,16,60.82,Month-to-month,Fiber,2,Card,973.12,No
33,Male,69,63.45,Month-to-month,DSL,2,Cash,4378.05,No
20,Male,61,49.52,One year,DSL,3,Cash,3020.7200000000003,No
37,Female,10,55.49,Month-to-month,Fiber,5,Bank Transfer,554.9,Yes
41,Male,50,76.32,Month-to-month,Fiber,3,Card,3815.9999999999995,No
50,Male,3,65.99,Two year,None,4,Bank Transfer,197.96999999999997,Yes
41,Male,70,86.46,Month-to-month,Fiber,1,Card,6052.2,No
69,Female,51,91.16,Month-to-month,DSL,2,Bank Transfer,4649.16,No
28,Female,19,72.5,Two year,Fiber,1,Cash,1377.5,No
66,Male,42,85.5,One year,Fiber,0,Bank Transfer,3591.0,No
25,Female,35,58.41,One year,Fiber,1,Bank Transfer,2044.35,No
53,Male,46,64.9,Two year,Fiber,0,Cash,2985.4,No
55,Female,26,82.77,Month-to-month,Fiber,3,Bank Transfer,2152.02,No
57,Male,69,63.17,One year,Fiber,3,Cash,4358.7300000000005,No
37,Male,64,75.31,One year,Fiber,4,Card,4819.84,No
52,Female,37,51.12,Two year,DSL,1,Bank Transfer,1891.4399999999998,No
65,Male,49,75.99,One year,None,1,Cash,3723.5099999999998,No
42,Female,21,91.69,One year,DSL,0,Cash,1925.49,No
52,Female,64,92.12,Month-to-month,DSL,3,Bank Transfer,5895.68,No
42,Male,5,83.46,Month-to-month,DSL,0,Card,417.29999999999995,Yes
46,Male,70,84.75,One year,Fiber,3,Bank Transfer,5932.5,No
35,Female,4,73.48,One year,Fiber,0,Cash,293.92,No
63,Male,39,75.08,One year,Fiber,3,Card,2928.12,No
35,Male,35,48.02,Month-to-month,None,0,Bank Transfer,1680.7,No
19,Male,1,66.63,One year,None,3,Cash,66.63,No
52,Male,24,67.05,One year,DSL,5,Bank Transfer,1609.1999999999998,No
33,Male,57,97.51,Two year,DSL,0,Card,5558.070000000001,No
58,Female,70,65.87,One year,Fiber,1,Card,4610.900000000001,No
53,Female,41,72.96,Two year,None,4,Card,2991.3599999999997,No
50,Male,54,72.0,Two year,Fiber,5,Card,3888.0,No
21,Male,46,78.21,One year,Fiber,5,Card,3597.66,No
50,Male,60,84.89,One year,DSL,0,Bank Transfer,5093.4,No
31,Female,60,53.5,Two year,Fiber,4,Card,3210.0,No
38,Male,57,71.72,One year,Fiber,1,Card,4088.04,No
65,Female,31,89.56,Two year,Fiber,5,Cash,2776.36,No
37,Female,24,67.79,One year,DSL,1,Card,1626.96,No
25,Female,36,56.71,One year,None,3,Cash,2041.56,No
24,Male,30,79.28,Month-to-month,Fiber,4,Cash,2378.4,Yes
20,Female,24,89.43,Month-to-month,DSL,2,Cash,2146.32,No
34,Male,30,43.79,Two year,Fiber,3,Bank Transfer,1313.7,No
50,Female,7,86.61,One year,Fiber,4,Bank Transfer,606.27,Yes
65,Male,35,89.3,One year,Fiber,0,Cash,3125.5,No
29,Female,55,67.69,Two year,Fiber,0,Bank Transfer,3722.95,No
68,Male,14,99.0,One year,Fiber,1,Card,1386.0,No
39,Female,10,87.2,One year,None,5,Bank Transfer,872.0,Yes
39,Male,16,86.42,One year,DSL,2,Card,1382.72,No
63,Male,54,84.87,One year,DSL,0,Card,4582.9800000000005,No
47,Male,70,49.04,Month-to-month,DSL,4,Bank Transfer,3432.7999999999997,Yes
55,Male,44,53.03,Month-to-month,Fiber,5,Bank Transfer,2333.32,Yes
55,Female,45,67.84,Month-to-month,Fiber,5,Cash,3052.8,Yes
62,Female,56,55.84,Month-to-month,Fiber,4,Bank Transfer,3127.04,Yes
68,Male,57,64.91,One year,Fiber,5,Bank Transfer,3699.87,No
25,Female,21,93.31,Month-to-month,Fiber,0,Bank Transfer,1959.51,No
44,Male,68,89.46,Month-to-month,None,4,Card,6083.28,Yes
44,Male,50,77.8,Month-to-month,DSL,4,Card,3890.0,Yes
51,Female,33,91.49,Month-to-month,Fiber,1,Card,3019.1699999999996,No
38,Male,7,87.03,One year,Fiber,2,Cash,609.21,No
47,Male,70,65.74,Two year,Fiber,1,Cash,4601.799999999999,No
50,Female,15,52.06,One year,Fiber,2,Cash,780.9000000000001,No
45,Male,32,70.85,Month-to-month,Fiber,4,Card,2267.2,Yes
64,Male,20,84.17,Month-to-month,DSL,5,Bank Transfer,1683.4,Yes
50,Male,15,66.19,Month-to-month,Fiber,2,Cash,992.8499999999999,No
22,Male,48,80.01,One year,Fiber,4,Cash,3840.4800000000005,No
65,Female,71,45.66,Month-to-month,Fiber,4,Card,3241.8599999999997,Yes
36,Female,21,84.88,One year,Fiber,1,Cash,1782.48,No
21,Female,42,88.76,Month-to-month,None,1,Bank Transfer,3727.92,No
52,Male,26,82.41,Two year,Fiber,5,Card,2142.66,No
66,Male,14,98.04,Month-to-month,Fiber,3,Card,1372.5600000000002,No
34,Female,57,89.6,Month-to-month,Fiber,0,Bank Transfer,5107.2,No
61,Male,37,94.19,Two year,Fiber,3,Bank Transfer,3485.0299999999997,No
45,Male,58,96.01,Month-to-month,None,3,Bank Transfer,5568.58,No
47,Male,21,88.08,Month-to-month,Fiber,5,Cash,1849.68,Yes
46,Male,69,80.46,One year,Fiber,2,Bank Transfer,5551.74,No
63,Female,3,40.34,One year,DSL,5,Card,121.02000000000001,Yes
23,Female,37,67.95,One year,Fiber,5,Bank Transfer,2514.15,No
52,Female,49,74.27,Month-to-month,DSL,4,Card,3639.23,Yes
58,Male,19,58.24,Month-to-month,Fiber,4,Card,1106.56,Yes
54,Female,12,59.09,Month-to-month,DSL,4,Cash,709.08,Yes
41,Female,61,97.67,Month-to-month,DSL,0,Bank Transfer,5957.87,No
46,Male,41,93.5,Two year,DSL,2,Cash,3833.5,No
66,Male,33,90.95,One year,DSL,2,Bank Transfer,3001.35,No
63,Female,50,64.36,Month-to-month,DSL,4,Bank Transfer,3218.0,Yes
48,Female,68,40.82,One year,Fiber,3,Bank Transfer,2775.76,No
52,Female,71,44.81,Month-to-month,Fiber,0,Bank Transfer,3181.51,No
50,Female,33,58.73,Two year,Fiber,3,Bank Transfer,1938.09,No
69,Male,24,40.94,Month-to-month,Fiber,1,Card,982.56,No
38,Female,61,41.03,Month-to-month,DSL,2,Card,2502.83,No
49,Female,61,95.0,One year,Fiber,2,Bank Transfer,5795.0,No
40,Male,28,82.37,One year,DSL,3,Card,2306.36,No
50,Female,58,58.54,One year,DSL,0,Cash,3395.32,No
20,Male,43,47.96,Month-to-month,Fiber,2,Cash,2062.28,No
35,Male,41,70.7,Month-to-month,DSL,3,Cash,2898.7000000000003,No
42,Male,39,40.32,Month-to-month,Fiber,5,Bank Transfer,1572.48,Yes
59,Female,49,96.3,Month-to-month,DSL,5,Bank Transfer,4718.7,Yes
48,Female,17,64.89,Two year,Fiber,0,Card,1103.13,No
20,Male,70,64.14,Month-to-month,Fiber,3,Card,4489.8,No
57,Female,70,63.44,Month-to-month,DSL,5,Card,4440.8,Yes
63,Female,65,44.16,One year,Fiber,0,Cash,2870.3999999999996,No
41,Male,5,78.3,Month-to-month,DSL,4,Cash,391.5,Yes
67,Male,2,83.98,One year,Fiber,0,Cash,167.96,No
49,Female,22,80.57,Two year,DSL,1,Cash,1772.54,No
64,Male,57,48.31,Month-to-month,Fiber,4,Card,2753.67,Yes
39,Female,66,74.73,Two year,Fiber,3,Bank Transfer,4932.18,No
40,Female,16,74.17,One year,DSL,4,Bank Transfer,1186.72,No
19,Female,51,92.1,Month-to-month,None,4,Cash,4697.099999999999,Yes
44,Female,39,62.75,Month-to-month,Fiber,3,Bank Transfer,2447.25,No
59,Male,40,62.29,Month-to-month,Fiber,3,Bank Transfer,2491.6,No
19,Male,38,77.11,One year,Fiber,5,Bank Transfer,2930.18,No
43,Male,60,77.98,One year,DSL,1,Cash,4678.8,No
34,Male,59,68.16,Two year,Fiber,3,Card,4021.4399999999996,No
57,Female,10,66.58,Two year,DSL,2,Card,665.8,No
50,Female,64,69.65,One year,DSL,2,Bank Transfer,4457.6,No
26,Male,63,91.66,One year,None,1,Card,5774.58,No
60,Female,49,67.67,Month-to-month,Fiber,0,Card,3315.83,No
65,Female,64,96.4,One year,Fiber,0,Cash,6169.6,No
56,Female,32,70.24,Month-to-month,DSL,2,Cash,2247.68,No
46,Male,7,96.95,One year,Fiber,3,Bank Transfer,678.65,No
59,Male,21,89.97,Month-to-month,DSL,1,Bank Transfer,1889.37,No
43,Male,20,61.75,Month-to-month,DSL,0,Bank Transfer,1235.0,No
52,Female,26,91.82,Month-to-month,DSL,0,Cash,2387.3199999999997,No
67,Male,68,46.6,Month-to-month,Fiber,4,Card,3168.8,Yes
42,Male,15,95.5,One year,Fiber,2,Cash,1432.5,No
41,Male,14,77.9,Month-to-month,DSL,3,Cash,1090.6000000000001,No
30,Male,27,43.26,One year,Fiber,1,Card,1168.02,No
24,Male,40,78.66,Month-to-month,DSL,0,Card,3146.3999999999996,No
53,Male,58,98.45,One year,Fiber,4,Bank Transfer,5710.1,No
62,Female,28,44.19,Month-to-month,None,2,Card,1237.32,No
37,Female,26,73.28,Month-to-month,Fiber,2,Card,1905.28,No
18,Male,63,84.87,One year,Fiber,1,Card,5346.81,No
25,Male,66,88.62,Month-to-month,None,0,Card,5848.92,No
63,Female,25,64.83,Month-to-month,Fiber,1,Bank Transfer,1620.75,No
33,Female,3,52.25,Month-to-month,Fiber,1,Bank Transfer,156.75,Yes
31,Male,44,42.54,Month-to-month,Fiber,5,Card,1871.76,Yes
29,Male,42,74.78,One year,DSL,4,Card,3140.76,No
68,Male,6,67.17,Month-to-month,DSL,2,Bank Transfer,403.02,Yes
40,Male,39,96.92,One year,None,5,Bank Transfer,3779.88,No
32,Female,52,43.64,Two year,Fiber,3,Card,2269.28,No
45,Male,23,81.12,Month-to-month,DSL,2,Cash,1865.7600000000002,No
51,Male,50,41.5,Two year,Fiber,2,Bank Transfer,2075.0,No
19,Male,43,50.29,One year,Fiber,4,Bank Transfer,2162.47,No
49,Male,19,67.21,One year,Fiber,3,Bank Transfer,1276.9899999999998,No
40,Female,69,67.29,One year,Fiber,0,Card,4643.01,No
39,Female,51,81.14,One year,Fiber,3,Card,4138.14,No
68,Female,11,94.61,One year,Fiber,0,Bank Transfer,1040.71,No
42,Male,12,78.34,Month-to-month,Fiber,3,Card,940.08,No
39,Male,8,97.21,Month-to-month,Fiber,1,Card,777.68,Yes
39,Female,24,92.9,Month-to-month,Fiber,3,Bank Transfer,2229.6000000000004,No
66,Male,41,75.07,Month-to-month,Fiber,5,Card,3077.87,Yes
69,Male,36,90.03,Month-to-month,DSL,5,Cash,3241.08,Yes
59,Female,55,78.55,Month-to-month,Fiber,4,Card,4320.25,Yes
23,Female,9,44.71,Month-to-month,None,0,Card,402.39,Yes
32,Female,47,84.43,One year,DSL,2,Bank Transfer,3968.2100000000005,No
60,Female,15,45.69,Two year,DSL,4,Bank Transfer,685.3499999999999,No
54,Male,48,75.64,Two year,Fiber,5,Cash,3630.7200000000003,No
50,Male,42,82.16,Month-to-month,Fiber,5,Card,3450.72,Yes
25,Female,60,43.99,One year,DSL,0,Cash,2639.4,No
61,Male,70,53.85,Two year,DSL,5,Cash,3769.5,No
61,Female,12,94.94,Month-to-month,DSL,5,Bank Transfer,1139.28,Yes
22,Female,2,76.98,Month-to-month,Fiber,0,Card,153.96,Yes
56,Male,7,54.78,Two year,DSL,5,Bank Transfer,383.46000000000004,Yes
21,Female,3,81.44,One year,DSL,2,Cash,244.32,No
23,Male,3,75.81,Month-to-month,Fiber,1,Cash,227.43,Yes
62,Male,27,70.09,Month-to-month,Fiber,4,Bank Transfer,1892.43,Yes
49,Male,40,98.57,Month-to-month,Fiber,2,Bank Transfer,3942.7999999999997,No
69,Male,33,81.01,Two year,DSL,2,Bank Transfer,2673.3300000000004,No
47,Female,1,62.53,One year,Fiber,1,Bank Transfer,62.53,No
64,Male,8,88.0,Month-to-month,None,4,Bank Transfer,704.0,Yes
52,Female,32,93.07,Month-to-month,Fiber,2,Cash,2978.24,No
57,Female,48,47.51,One year,None,5,Bank Transfer,2280.48,No
69,Female,4,52.03,One year,Fiber,1,Card,208.12,No
33,Female,70,52.97,Month-to-month,DSL,4,Cash,3707.9,Yes
30,Male,19,81.47,Two year,Fiber,3,Cash,1547.93,No
67,Male,32,76.18,Month-to-month,DSL,0,Card,2437.76,No
59,Female,9,77.14,Month-to-month,Fiber,5,Card,694.26,Yes
47,Female,12,96.45,One year,DSL,1,Cash,1157.4,No
36,Male,11,86.55,Month-to-month,DSL,0,Bank Transfer,952.05,Yes
34,Female,46,47.68,Two year,None,3,Cash,2193.28,No
36,Male,16,60.85,One year,DSL,2,Cash,973.6,No
45,Female,1,66.12,One year,Fiber,2,Card,66.12,No
43,Male,63,63.76,Month-to-month,DSL,4,Cash,4016.8799999999997,Yes
54,Female,21,80.16,Month-to-month,DSL,1,Bank Transfer,1683.36,No
43,Female,30,93.51,Month-to-month,Fiber,1,Card,2805.3,No
40,Male,13,58.36,One year,Fiber,4,Cash,758.68,No
26,Female,34,73.11,One year,Fiber,0,Cash,2485.74,No
29,Female,4,87.36,Two year,DSL,2,Bank Transfer,349.44,No
18,Male,28,64.97,One year,Fiber,2,Cash,1819.1599999999999,No
18,Female,59,50.09,Two year,Fiber,1,Cash,2955.3100000000004,No
64,Male,27,68.5,One year,Fiber,1,Cash,1849.5,No
51,Male,69,43.31,Month-to-month,Fiber,4,Cash,2988.3900000000003,Yes
49,Female,25,96.54,Month-to-month,None,3,Bank Transfer,2413.5,No
65,Female,3,44.49,One year,Fiber,0,Cash,133.47,No
42,Female,68,66.31,Month-to-month,None,5,Cash,4509.08,Yes
57,Female,25,71.79,Month-to-month,Fiber,3,Cash,1794.7500000000002,No
62,Female,20,99.12,One year,Fiber,3,Card,1982.4,No
18,Female,34,49.96,Two year,DSL,1,Bank Transfer,1698.64,No
33,Female,26,46.87,Month-to-month,DSL,1,Card,1218.62,No
56,Male,5,40.52,One year,Fiber,1,Card,202.60000000000002,No
22,Female,61,49.33,Two year,DSL,3,Bank Transfer,3009.13,No
39,Male,9,52.44,Month-to-month,DSL,0,Card,471.96,Yes
46,Female,50,77.83,Month-to-month,DSL,1,Card,3891.5,No
20,Female,6,53.18,Month-to-month,DSL,2,Card,319.08,Yes
29,Male,60,41.23,One year,None,0,Bank Transfer,2473.7999999999997,No
43,Female,44,89.6,One year,Fiber,2,Cash,3942.3999999999996,No
33,Female,11,61.94,Two year,Fiber,0,Bank Transfer,681.3399999999999,No
68,Male,66,61.22,One year,DSL,1,Bank Transfer,4040.52,No
54,Female,47,58.15,Month-to-month,Fiber,5,Bank Transfer,2733.0499999999997,Yes
39,Female,3,98.52,Month-to-month,Fiber,4,Card,295.56,Yes
46,Female,30,50.21,One year,None,1,Cash,1506.3,No
31,Male,21,93.89,Month-to-month,Fiber,3,Bank Transfer,1971.69,No
45,Female,28,86.61,Month-to-month,DSL,5,Bank Transfer,2425.08,Yes
22,Female,62,44.59,Month-to-month,Fiber,3,Cash,2764.5800000000004,No
64,Female,33,99.2,Month-to-month,None,0,Cash,3273.6,No
66,Female,35,56.28,Month-to-month,Fiber,3,Cash,1969.8,No
47,Male,52,45.91,Month-to-month,Fiber,5,Card,2387.3199999999997,Yes
63,Male,34,89.76,Month-to-month,DSL,5,Cash,3051.84,Yes
69,Female,41,82.4,Month-to-month,Fiber,1,Card,3378.4,No
22,Female,51,77.03,One year,Fiber,2,Bank Transfer,3928.53,No
29,Male,47,49.36,Two year,DSL,1,Card,2319.92,No
33,Male,58,68.71,Month-to-month,Fiber,0,Cash,3985.18,No
43,Female,57,86.83,One year,DSL,3,Card,4949.3099999999995,No
43,Male,23,58.22,Month-to-month,DSL,2,Cash,1339.06,No
65,Female,48,58.7,One year,DSL,4,Card,2817.6000000000004,No
38,Male,22,40.19,Two year,DSL,5,Bank Transfer,884.18,No
56,Male,17,50.45,One year,Fiber,2,Card,857.6500000000001,No
53,Male,69,92.52,Two year,DSL,2,Bank Transfer,6383.88,No
50,Male,11,66.5,Month-to-month,DSL,1,Cash,731.5,Yes
47,Female,15,99.05,Month-to-month,Fiber,4,Bank Transfer,1485.75,Yes
54,Male,35,63.74,Two year,Fiber,5,Cash,2230.9,No
40,Male,33,82.91,Month-to-month,Fiber,0,Cash,2736.0299999999997,No
27,Female,16,56.92,Month-to-month,Fiber,0,Bank Transfer,910.72,No
22,Male,34,61.83,One year,Fiber,2,Bank Transfer,2102.22,No
53,Male,66,51.44,Two year,DSL,2,Card,3395.04,No
51,Female,40,60.82,Two year,Fiber,3,Card,2432.8,No
69,Male,28,72.83,Month-to-month,DSL,4,Bank Transfer,2039.24,Yes
48,Female,47,99.51,Two year,Fiber,5,Bank Transfer,4676.97,No
27,Female,39,79.85,Month-to-month,DSL,2,Bank Transfer,3114.1499999999996,No
36,Female,70,51.95,Month-to-month,Fiber,3,Bank Transfer,3636.5,No
49,Female,20,42.7,One year,Fiber,4,Cash,854.0,No
18,Male,1,47.58,Month-to-month,Fiber,5,Bank Transfer,47.58,Yes
22,Female,63,73.75,Month-to-month,DSL,0,Bank Transfer,4646.25,No
62,Male,67,85.91,One year,Fiber,3,Bank Transfer,5755.969999999999,No
21,Male,4,96.43,Month-to-month,None,4,Bank Transfer,385.72,Yes
33,Male,58,40.95,Month-to-month,Fiber,3,Cash,2375.1000000000004,No
41,Male,25,71.37,Month-to-month,DSL,2,Card,1784.25,No
33,Male,47,68.25,Month-to-month,DSL,1,Card,3207.75,No
19,Male,38,79.36,Month-to-month,None,0,Card,3015.68,No
66,Male,15,73.57,One year,Fiber,2,Card,1103.55,No
45,Male,63,81.22,One year,Fiber,2,Card,5116.86,No
49,Male,21,79.48,Month-to-month,None,4,Cash,1669.0800000000002,Yes
44,Male,57,47.02,Two year,Fiber,3,Card,2680.1400000000003,No
37,Female,53,87.98,Month-to-month,Fiber,0,Cash,4662.9400000000005,No
41,Female,46,47.39,Month-to-month,Fiber,2,Cash,2179.94,No
29,Female,14,81.91,Two year,DSL,4,Card,1146.74,No
67,Male,17,64.97,Month-to-month,Fiber,0,Card,1104.49,No
52,Female,39,70.83,Two year,DSL,3,Card,2762.37,No
50,Female,9,94.2,Month-to-month,DSL,2,Bank Transfer,847.8000000000001,Yes
50,Female,6,93.39,One year,DSL,5,Cash,560.34,Yes
68,Male,23,89.07,Month-to-month,DSL,2,Card,2048.6099999999997,No
60,Male,59,70.61,Month-to-month,Fiber,2,Bank Transfer,4165.99,No
54,Male,46,84.17,Month-to-month,Fiber,0,Cash,3871.82,No
29,Male,38,70.77,One year,Fiber,0,Bank Transfer,2689.2599999999998,No
20,Female,14,92.18,One year,DSL,0,Bank Transfer,1290.52,No
18,Female,62,64.17,Two year,None,0,Card,3978.54,No
50,Female,35,98.21,Month-to-month,DSL,4,Cash,3437.35,Yes
57,Female,19,95.94,Month-to-month,Fiber,1,Bank Transfer,1822.86,No
27,Male,30,84.5,Month-to-month,None,4,Cash,2535.0,Yes
60,Male,25,56.76,One year,Fiber,2,Card,1419.0,No
61,Male,40,47.9,Two year,Fiber,4,Cash,1916.0,No
46,Female,14,91.28,Month-to-month,None,3,Bank Transfer,1277.92,No
30,Male,26,49.92,One year,DSL,5,Bank Transfer,1297.92,No
29,Male,22,91.26,Month-to-month,Fiber,0,Cash,2007.72,No
48,Female,48,69.45,One year,Fiber,3,Bank Transfer,3333.6000000000004,No
63,Female,51,64.39,Two year,DSL,5,Bank Transfer,3283.89,No
19,Male,3,94.19,Month-to-month,Fiber,3,Bank Transfer,282.57,Yes
68,Male,42,76.23,Month-to-month,Fiber,2,Card,3201.6600000000003,No
67,Male,19,74.6,Two year,Fiber,0,Card,1417.3999999999999,No
52,Male,28,73.53,Two year,DSL,3,Bank Transfer,2058.84,No
40,Male,45,62.27,One year,DSL,2,Cash,2802.15,No
34,Male,71,87.14,One year,Fiber,0,Card,6186.94,No
43,Female,63,55.17,Month-to-month,DSL,1,Cash,3475.71,No
25,Female,19,96.33,One year,Fiber,2,Bank Transfer,1830.27,No
46,Female,47,93.64,Two year,Fiber,4,Bank Transfer,4401.08,No
43,Male,14,60.25,One year,Fiber,0,Cash,843.5,No
27,Female,38,83.77,Month-to-month,Fiber,3,Card,3183.2599999999998,No
43,Male,53,74.39,Month-to-month,Fiber,5,Cash,3942.67,Yes
51,Male,61,60.26,Month-to-month,DSL,3,Cash,3675.8599999999997,No
68,Female,36,99.31,Month-to-month,DSL,4,Bank Transfer,3575.16,Yes
58,Male,40,41.51,Month-to-month,Fiber,4,Card,1660.3999999999999,Yes
24,Male,30,55.16,Month-to-month,Fiber,3,Cash,1654.8,No
21,Female,9,71.2,Month-to-month,Fiber,5,Card,640.8000000000001,Yes
67,Female,64,71.32,Month-to-month,Fiber,0,Bank Transfer,4564.48,No
62,Female,33,75.34,One year,None,2,Card,2486.2200000000003,No
28,Male,52,85.1,Month-to-month,DSL,4,Bank Transfer,4425.2,Yes
46,Female,14,77.41,Month-to-month,DSL,4,Card,1083.74,Yes
53,Female,53,76.02,Month-to-month,DSL,4,Cash,4029.06,Yes
42,Male,59,43.21,Month-to-month,Fiber,5,Bank Transfer,2549.39,Yes
38,Female,41,62.59,One year,Fiber,1,Cash,2566.19,No
53,Female,68,53.92,Month-to-month,Fiber,5,Bank Transfer,3666.56,Yes
27,Female,68,55.92,One year,Fiber,0,Card,3802.56,No
54,Male,8,73.26,Two year,None,0,Card,586.08,No
26,Male,2,51.97,One year,None,0,Bank Transfer,103.94,No
41,Male,41,57.64,One year,DSL,0,Bank Transfer,2363.2400000000002,No
52,Male,55,54.23,Two year,Fiber,0,Bank Transfer,2982.6499999999996,No
66,Female,16,96.91,One year,Fiber,3,Card,1550.56,No
52,Male,62,96.68,Month-to-month,DSL,4,Bank Transfer,5994.160000000001,Yes
65,Male,48,76.6,Month-to-month,Fiber,5,Bank Transfer,3676.7999999999997,Yes
53,Female,30,95.47,Two year,Fiber,3,Cash,2864.1,No
35,Female,12,87.15,Month-to-month,DSL,5,Bank Transfer,1045.8000000000002,Yes
66,Female,35,75.4,Month-to-month,Fiber,1,Cash,2639.0,No
56,Male,11,40.39,One year,Fiber,2,Cash,444.29,No
49,Male,64,86.35,Two year,DSL,4,Cash,5526.4,No
41,Male,50,82.15,Month-to-month,Fiber,1,Card,4107.5,No
40,Female,21,76.92,One year,DSL,3,Cash,1615.32,No
49,Female,69,85.63,Month-to-month,Fiber,2,Bank Transfer,5908.469999999999,No
54,Male,48,70.78,One year,DSL,1,Card,3397.44,No
29,Female,20,82.24,Month-to-month,Fiber,5,Card,1644.8,Yes
66,Female,67,96.11,Month-to-month,Fiber,2,Card,6439.37,No
30,Female,44,62.55,Two year,DSL,5,Card,2752.2,No
40,Male,33,82.49,Month-to-month,Fiber,1,Card,2722.1699999999996,No
42,Female,61,68.54,One year,Fiber,3,Card,4180.9400000000005,No
52,Female,9,80.46,Month-to-month,Fiber,5,Card,724.14,Yes
58,Male,68,85.77,Month-to-month,Fiber,2,Cash,5832.36,No
47,Male,35,42.73,One year,Fiber,1,Bank Transfer,1495.55,No
34,Female,65,78.8,Month-to-month,DSL,5,Bank Transfer,5122.0,Yes
66,Female,8,53.6,Month-to-month,DSL,3,Cash,428.8,Yes
37,Male,45,80.2,Month-to-month,Fiber,4,Cash,3609.0,Yes
65,Male,47,68.1,One year,Fiber,3,Card,3200.7,No
42,Female,40,86.41,Two year,DSL,3,Card,3456.3999999999996,No
39,Female,54,47.4,Two year,Fiber,4,Cash,2559.6,No
30,Female,46,77.58,Month-to-month,DSL,3,Card,3568.68,No
36,Female,47,56.71,Month-to-month,Fiber,4,Bank Transfer,2665.37,Yes
66,Male,15,91.18,Month-to-month,DSL,4,Bank Transfer,1367.7,Yes
53,Female,19,95.7,Two year,DSL,5,Card,1818.3,No
29,Female,26,99.78,Month-to-month,None,5,Card,2594.28,Yes
58,Male,52,87.76,Two year,DSL,4,Card,4563.52,No
36,Female,22,85.22,Month-to-month,Fiber,1,Bank Transfer,1874.84,No
29,Male,21,52.93,Two year,DSL,2,Card,1111.53,No
26,Female,51,60.16,Two year,Fiber,1,Cash,3068.16,No
24,Female,38,67.94,Two year,Fiber,4,Card,2581.72,No
45,Male,20,86.4,Month-to-month,DSL,2,Cash,1728.0,No
31,Male,29,94.9,Month-to-month,Fiber,5,Card,2752.1000000000004,Yes
48,Female,51,51.35,Month-to-month,Fiber,2,Card,2618.85,No
69,Female,4,95.34,Month-to-month,Fiber,4,Bank Transfer,381.36,Yes
36,Female,55,81.74,Month-to-month,Fiber,5,Cash,4495.7,Yes
64,Male,71,76.65,One year,Fiber,2,Cash,5442.150000000001,No
33,Female,28,51.99,Month-to-month,DSL,2,Cash,1455.72,No
22,Male,4,43.33,One year,DSL,1,Bank Transfer,173.32,No
52,Male,22,74.11,One year,Fiber,2,Cash,1630.42,No
29,Female,45,79.09,Month-to-month,Fiber,4,Bank Transfer,3559.05,Yes
42,Male,67,52.65,Two year,DSL,0,Card,3527.5499999999997,No
69,Female,66,73.39,Month-to-month,Fiber,0,Card,4843.74,No
38,Female,34,91.39,Month-to-month,Fiber,0,Cash,3107.26,No
53,Female,55,90.1,Month-to-month,Fiber,4,Card,4955.5,Yes
40,Female,1,95.64,Two year,DSL,0,Card,95.64,No
33,Female,38,61.95,Month-to-month,Fiber,1,Cash,2354.1,No
56,Male,6,59.08,Month-to-month,DSL,4,Card,354.48,Yes
62,Male,25,84.97,One year,Fiber,5,Cash,2124.25,No
59,Female,17,65.87,Month-to-month,Fiber,4,Cash,1119.79,Yes
56,Female,61,45.25,One year,Fiber,4,Card,2760.25,No
31,Male,12,56.97,Two year,DSL,2,Card,683.64,No
48,Male,6,65.11,Two year,DSL,2,Card,390.65999999999997,No
22,Male,27,57.55,Month-to-month,Fiber,2,Card,1553.85,No
52,Male,8,59.93,Month-to-month,Fiber,3,Card,479.44,Yes
40,Female,65,57.63,Month-to-month,DSL,1,Bank Transfer,3745.9500000000003,No
46,Female,57,42.49,Month-to-month,Fiber,4,Card,2421.9300000000003,Yes
60,Male,40,78.23,Month-to-month,DSL,4,Bank Transfer,3129.2000000000003,Yes
28,Female,14,75.84,Month-to-month,DSL,2,Cash,1061.76,No
35,Male,35,79.2,Two year,DSL,4,Card,2772.0,No
64,Female,48,51.54,Two year,DSL,5,Card,2473.92,No
29,Male,56,57.74,Month-to-month,DSL,4,Card,3233.44,Yes
26,Female,49,77.18,Month-to-month,Fiber,0,Cash,3781.82,No
27,Male,13,75.98,Month-to-month,Fiber,5,Bank Transfer,987.74,Yes
61,Male,61,70.38,Month-to-month,Fiber,5,Bank Transfer,4293.179999999999,Yes
34,Female,49,61.02,One year,DSL,4,Card,2989.98,No
55,Male,46,94.78,One year,DSL,3,Card,4359.88,No
24,Female,62,60.39,Two year,DSL,2,Card,3744.18,No
63,Female,8,67.34,One year,DSL,1,Card,538.72,No
30,Male,43,80.69,One year,Fiber,1,Cash,3469.67,No
57,Female,20,72.58,One year,Fiber,0,Card,1451.6,No
59,Female,39,60.81,Month-to-month,DSL,1,Cash,2371.59,No
26,Female,49,66.14,One year,DSL,1,Card,3240.86,No
67,Female,64,87.67,Month-to-month,DSL,2,Bank Transfer,5610.88,No
44,Female,62,56.69,Month-to-month,DSL,2,Bank Transfer,3514.7799999999997,No
19,Male,54,48.54,Month-to-month,Fiber,3,Card,2621.16,No
22,Female,9,58.79,Month-to-month,DSL,0,Card,529.11,Yes
46,Female,37,90.97,Two year,Fiber,1,Cash,3365.89,No
54,Female,49,45.34,Month-to-month,Fiber,3,Card,2221.6600000000003,No
55,Female,41,99.5,Month-to-month,Fiber,0,Card,4079.5,No
36,Female,17,72.46,Month-to-month,Fiber,5,Card,1231.82,Yes
25,Male,21,99.09,One year,Fiber,1,Bank Transfer,2080.89,No
65,Female,51,96.34,Month-to-month,DSL,1,Cash,4913.34,No
62,Male,59,67.17,Two year,Fiber,2,Bank Transfer,3963.03,No
18,Male,39,51.91,Two year,Fiber,4,Cash,2024.4899999999998,No
39,Male,55,49.89,One year,DSL,0,Bank Transfer,2743.95,No
69,Male,41,54.4,One year,Fiber,1,Card,2230.4,No
34,Female,39,82.61,Month-to-month,Fiber,0,Bank Transfer,3221.79,No
24,Male,13,56.38,Month-to-month,Fiber,3,Bank Transfer,732.94,No
42,Male,64,60.49,One year,DSL,3,Cash,3871.36,No
62,Female,11,66.93,Month-to-month,DSL,4,Cash,736.23,Yes
21,Female,19,94.79,Month-to-month,Fiber,1,Bank Transfer,1801.0100000000002,No
53,Female,11,51.36,One year,DSL,2,Cash,564.96,No
23,Male,46,40.3,Month-to-month,Fiber,1,Cash,1853.8,No
48,Female,45,43.61,Two year,Fiber,0,Cash,1962.45,No
36,Female,1,94.29,Month-to-month,DSL,5,Cash,94.29,Yes
61,Male,40,78.85,One year,Fiber,3,Cash,3154.0,No
56,Female,19,56.38,One year,Fiber,0,Bank Transfer,1071.22,No
44,Female,61,50.63,One year,DSL,4,Cash,3088.4300000000003,No
27,Female,12,57.66,Month-to-month,Fiber,3,Card,691.92,No
43,Female,61,46.89,One year,Fiber,2,Bank Transfer,2860.29,No
36,Male,33,96.49,Two year,Fiber,3,Bank Transfer,3184.1699999999996,No
56,Female,45,87.05,Month-to-month,Fiber,5,Bank Transfer,3917.25,Yes
20,Female,69,67.74,Month-to-month,Fiber,1,Cash,4674.0599999999995,No
62,Male,8,91.9,One year,Fiber,5,Card,735.2,Yes
30,Female,25,54.97,One year,Fiber,5,Cash,1374.25,No
67,Male,46,83.03,Month-to-month,Fiber,1,Bank Transfer,3819.38,No
45,Female,30,91.37,Two year,None,3,Bank Transfer,2741.1000000000004,No
37,Male,47,61.41,Month-to-month,Fiber,4,Bank Transfer,2886.27,Yes
45,Male,49,85.45,Month-to-month,DSL,1,Bank Transfer,4187.05,No
25,Male,47,57.7,One year,Fiber,1,Cash,2711.9,No
58,Male,18,57.93,One year,Fiber,2,Card,1042.74,No
56,Female,66,46.42,Two year,DSL,3,Card,3063.7200000000003,No
18,Male,68,66.4,Two year,None,1,Bank Transfer,4515.200000000001,No
20,Female,33,83.78,Month-to-month,DSL,4,Card,2764.7400000000002,Yes
30,Male,36,96.41,Month-to-month,DSL,0,Bank Transfer,3470.7599999999998,No
45,Male,19,76.23,Month-to-month,None,3,Bank Transfer,1448.3700000000001,No
66,Male,28,91.79,One year,Fiber,2,Card,2570.1200000000003,No
42,Female,40,89.35,Two year,DSL,5,Bank Transfer,3574.0,No
50,Male,15,50.4,Month-to-month,Fiber,1,Card,756.0,No
55,Female,41,69.15,Month-to-month,Fiber,4,Bank Transfer,2835.15,Yes
23,Female,39,47.02,Month-to-month,DSL,3,Card,1833.7800000000002,No
61,Female,2,80.93,Two year,None,4,Bank Transfer,161.86,Yes
62,Female,63,96.99,Month-to-month,Fiber,4,Card,6110.37,Yes
49,Female,29,48.23,Month-to-month,Fiber,5,Bank Transfer,1398.6699999999998,Yes
62,Female,66,84.03,One year,Fiber,2,Bank Transfer,5545.9800000000005,No
64,Female,51,77.93,Two year,Fiber,3,Bank Transfer,3974.4300000000003,No
38,Female,10,75.02,One year,DSL,1,Card,750.1999999999999,No
33,Female,14,63.41,One year,DSL,2,Cash,887.74,No
38,Male,51,61.31,Month-to-month,Fiber,1,Bank Transfer,3126.81,No
28,Male,39,42.71,One year,Fiber,0,Bank Transfer,1665.69,No
54,Male,28,53.07,One year,DSL,4,Card,1485.96,No
53,Male,3,40.91,Two year,Fiber,0,Bank Transfer,122.72999999999999,No
52,Male,70,74.89,Month-to-month,Fiber,4,Bank Transfer,5242.3,Yes
36,Female,27,46.35,Month-to-month,DSL,5,Bank Transfer,1251.45,Yes
37,Female,2,92.38,Month-to-month,DSL,2,Bank Transfer,184.76,Yes
35,Female,38,71.39,Month-to-month,DSL,1,Cash,2712.82,No
64,Female,3,81.98,Two year,Fiber,5,Cash,245.94,Yes
58,Female,16,64.65,Month-to-month,DSL,1,Bank Transfer,1034.4,No
66,Female,40,73.63,Month-to-month,Fiber,2,Bank Transfer,2945.2,No
31,Female,2,96.56,Month-to-month,Fiber,3,Bank Transfer,193.12,Yes
32,Male,41,44.96,Month-to-month,Fiber,0,Cash,1843.3600000000001,No
48,Male,12,55.24,Month-to-month,DSL,0,Cash,662.88,No
18,Male,35,86.8,Month-to-month,Fiber,1,Card,3038.0,No
20,Male,65,45.92,Month-to-month,Fiber,1,Card,2984.8,No
33,Female,55,44.54,One year,None,1,Bank Transfer,2449.7,No
40,Female,45,61.69,One year,Fiber,2,Bank Transfer,2776.0499999999997,No
28,Female,62,45.53,Month-to-month,Fiber,3,Cash,2822.86,No
29,Male,49,75.1,Two year,Fiber,0,Bank Transfer,3679.8999999999996,No
27,Female,25,53.58,One year,DSL,5,Bank Transfer,1339.5,No
49,Female,23,93.74,One year,DSL,4,Cash,2156.02,No
33,Female,24,87.01,Month-to-month,DSL,2,Cash,2088.2400000000002,No
25,Male,38,81.98,Month-to-month,Fiber,0,Cash,3115.2400000000002,No
55,Female,28,77.02,Month-to-month,DSL,3,Cash,2156.56,No
29,Male,21,91.81,Month-to-month,DSL,2,Card,1928.01,No
41,Male,54,53.38,Month-to-month,None,5,Cash,2882.52,Yes
45,Male,18,92.39,Two year,DSL,0,Cash,1663.02,No
25,Male,36,87.37,Month-to-month,DSL,2,Bank Transfer,3145.32,No
45,Female,45,84.89,Month-to-month,DSL,0,Bank Transfer,3820.05,No
53,Male,53,73.68,One year,Fiber,0,Bank Transfer,3905.0400000000004,No
43,Male,30,54.77,Month-to-month,Fiber,3,Card,1643.1000000000001,No
25,Female,60,65.41,One year,DSL,4,Cash,3924.6,No
67,Female,32,87.61,One year,Fiber,3,Cash,2803.52,No
45,Male,67,41.91,One year,Fiber,0,Card,2807.97,No
45,Female,67,86.92,Two year,Fiber,2,Cash,5823.64,No
54,Male,28,54.4,Month-to-month,None,5,Bank Transfer,1523.2,Yes
58,Male,44,48.66,One year,Fiber,3,Card,2141.04,No
53,Male,41,46.94,Two year,Fiber,4,Cash,1924.54,No
44,Male,63,41.64,One year,DSL,0,Card,2623.32,No
34,Female,23,71.42,Month-to-month,DSL,5,Card,1642.66,Yes
26,Male,48,53.1,Two year,DSL,3,Cash,2548.8,No
50,Female,32,99.37,Month-to-month,Fiber,3,Bank Transfer,3179.84,No
37,Female,57,74.47,Two year,Fiber,3,Cash,4244.79,No
30,Female,33,48.27,Month-to-month,Fiber,3,Cash,1592.91,No
45,Female,24,81.33,One year,DSL,5,Bank Transfer,1951.92,No
65,Male,39,93.86,Two year,Fiber,2,Cash,3660.54,No
46,Female,34,84.71,Month-to-month,None,4,Cash,2880.14,Yes
30,Male,56,44.59,Month-to-month,Fiber,4,Cash,2497.04,Yes
63,Female,28,93.75,Month-to-month,Fiber,0,Card,2625.0,No
52,Female,37,87.64,Two year,Fiber,1,Card,3242.68,No
23,Male,7,49.5,Two year,None,2,Card,346.5,No
35,Male,68,43.11,One year,Fiber,0,Cash,2931.48,No
68,Male,37,73.44,One year,Fiber,0,Bank Transfer,2717.2799999999997,No
22,Female,56,49.36,Two year,DSL,3,Card,2764.16,No
64,Female,65,90.08,Month-to-month,DSL,1,Bank Transfer,5855.2,No
42,Male,65,61.5,Month-to-month,Fiber,1,Cash,3997.5,No
19,Male,47,94.77,One year,DSL,2,Card,4454.19,No
27,Male,20,73.94,Month-to-month,None,1,Cash,1478.8,No
47,Male,19,50.96,Month-to-month,DSL,0,Bank Transfer,968.24,No
67,Female,29,48.38,Month-to-month,Fiber,1,Card,1403.02,No
62,Male,60,74.59,Month-to-month,DSL,1,Card,4475.400000000001,No
22,Male,18,85.71,Two year,DSL,4,Card,1542.78,No
50,Male,35,86.89,Month-to-month,None,0,Card,3041.15,No
18,Male,43,56.55,One year,DSL,5,Bank Transfer,2431.65,No
35,Female,11,52.25,Month-to-month,DSL,1,Card,574.75,Yes
49,Male,49,41.01,Month-to-month,DSL,1,Cash,2009.49,No
64,Female,38,80.75,Month-to-month,Fiber,3,Card,3068.5,No
66,Male,64,44.59,One year,DSL,1,Bank Transfer,2853.76,No
28,Male,69,65.25,One year,Fiber,1,Card,4502.25,No
38,Female,8,76.1,Two year,Fiber,4,Bank Transfer,608.8,Yes
43,Male,34,96.23,One year,Fiber,0,Bank Transfer,3271.82,No
42,Female,48,58.71,One year,Fiber,2,Cash,2818.08,No
39,Female,56,54.99,One year,Fiber,0,Card,3079.44,No
44,Male,65,79.25,Two year,DSL,3,Card,5151.25,No
66,Female,31,77.15,One year,Fiber,0,Card,2391.65,No
30,Female,4,59.93,Month-to-month,DSL,1,Cash,239.72,Yes
50,Female,50,95.69,One year,Fiber,3,Cash,4784.5,No
51,Female,69,90.69,One year,Fiber,0,Bank Transfer,6257.61,No
58,Female,30,53.44,One year,Fiber,3,Bank Transfer,1603.1999999999998,No
52,Female,59,54.35,Month-to-month,Fiber,2,Bank Transfer,3206.65,No
18,Female,67,70.74,Two year,DSL,0,Cash,4739.58,No
38,Female,45,86.41,Two year,Fiber,5,Cash,3888.45,No
65,Male,4,42.64,Month-to-month,Fiber,1,Cash,170.56,Yes
23,Male,26,81.6,Two year,DSL,3,Bank Transfer,2121.6,No
45,Female,27,78.89,Month-to-month,Fiber,5,Cash,2130.03,Yes
34,Male,46,53.89,Month-to-month,Fiber,5,Bank Transfer,2478.94,Yes
22,Female,64,80.88,Month-to-month,None,4,Bank Transfer,5176.32,Yes
48,Female,51,96.41,Month-to-month,Fiber,3,Card,4916.91,No
22,Male,50,42.81,Two year,DSL,5,Card,2140.5,No
55,Female,6,59.18,Month-to-month,DSL,4,Card,355.08,Yes
20,Female,59,66.29,Month-to-month,Fiber,5,Bank Transfer,3911.1100000000006,Yes
40,Female,15,93.96,Month-to-month,Fiber,1,Card,1409.3999999999999,No
54,Female,30,97.74,Month-to-month,DSL,2,Card,2932.2,No
54,Male,42,66.65,Month-to-month,DSL,4,Card,2799.3,Yes
27,Female,37,85.0,One year,Fiber,2,Cash,3145.0,No
27,Female,42,71.9,Month-to-month,DSL,3,Bank Transfer,3019.8,No
36,Female,35,72.27,Two year,DSL,1,Card,2529.45,No
34,Male,6,56.69,Two year,DSL,4,Cash,340.14,Yes
38,Female,68,53.02,Month-to-month,DSL,3,Cash,3605.36,No
31,Male,18,57.28,Two year,Fiber,5,Cash,1031.04,No
26,Male,29,73.38,Month-to-month,Fiber,0,Card,2128.02,No
63,Female,59,41.75,Month-to-month,DSL,3,Cash,2463.25,No
18,Female,47,94.43,Month-to-month,DSL,2,Bank Transfer,4438.21,No
68,Male,17,49.38,Month-to-month,DSL,1,Cash,839.46,No
62,Female,22,53.21,One year,Fiber,1,Cash,1170.6200000000001,No
30,Male,68,71.1,One year,DSL,3,Cash,4834.799999999999,No
21,Male,69,82.61,Month-to-month,Fiber,5,Cash,5700.09,Yes
18,Female,37,45.74,One year,Fiber,0,Bank Transfer,1692.38,No
66,Female,49,59.06,Month-to-month,DSL,2,Card,2893.94,No
57,Male,13,98.12,One year,DSL,3,Bank Transfer,1275.56,No
49,Male,34,55.74,Month-to-month,DSL,3,Bank Transfer,1895.16,No
51,Male,53,58.78,Month-to-month,Fiber,1,Card,3115.34,No
45,Male,51,90.19,Month-to-month,Fiber,2,Cash,4599.69,No
48,Female,3,43.01,Month-to-month,DSL,0,Card,129.03,Yes
25,Female,42,67.88,One year,None,1,Card,2850.96,No
56,Female,32,62.78,Two year,DSL,3,Bank Transfer,2008.96,No
43,Female,51,59.0,Month-to-month,Fiber,1,Card,3009.0,No
51,Female,46,57.14,One year,Fiber,1,Cash,2628.44,No
20,Male,21,45.48,One year,Fiber,4,Bank Transfer,955.0799999999999,No
67,Female,44,58.89,Two year,Fiber,1,Cash,2591.16,No
29,Female,11,42.58,Month-to-month,Fiber,5,Bank Transfer,468.38,Yes
18,Female,68,86.86,Month-to-month,Fiber,1,Cash,5906.48,No
61,Female,1,63.89,Two year,Fiber,5,Card,63.89,Yes
22,Female,63,66.63,One year,Fiber,2,Card,4197.69,No
47,Male,24,93.62,Month-to-month,DSL,1,Card,2246.88,No
47,Male,13,79.48,Month-to-month,DSL,0,Cash,1033.24,No
34,Male,11,40.48,Month-to-month,Fiber,5,Bank Transfer,445.28,Yes
65,Female,51,96.59,One year,Fiber,5,Bank Transfer,4926.09,No
64,Male,17,54.23,One year,Fiber,3,Bank Transfer,921.91,No
40,Male,24,46.46,Month-to-month,Fiber,2,Card,1115.04,No
32,Female,19,86.09,One year,Fiber,1,Cash,1635.71,No
54,Female,37,70.03,One year,Fiber,0,Bank Transfer,2591.11,No
38,Female,8,66.03,One year,Fiber,3,Cash,528.24,No
31,Male,28,54.97,One year,Fiber,2,Bank Transfer,1539.1599999999999,No
19,Male,5,72.85,Two year,DSL,5,Card,364.25,Yes
28,Female,17,56.46,Month-to-month,DSL,0,Cash,959.82,No
68,Female,36,94.09,Two year,Fiber,1,Bank Transfer,3387.2400000000002,No
56,Male,19,52.91,Month-to-month,DSL,4,Bank Transfer,1005.29,Yes
55,Male,64,93.06,Month-to-month,None,4,Bank Transfer,5955.84,Yes
51,Female,11,73.56,Month-to-month,DSL,2,Bank Transfer,809.1600000000001,Yes
55,Female,54,89.71,Month-to-month,DSL,0,Card,4844.339999999999,No
67,Male,45,82.77,Month-to-month,None,3,Bank Transfer,3724.6499999999996,No
51,Female,47,81.8,Month-to-month,Fiber,0,Bank Transfer,3844.6,No
35,Male,12,59.46,Two year,DSL,5,Card,713.52,No
47,Male,21,54.03,Month-to-month,Fiber,4,Bank Transfer,1134.63,Yes
32,Male,11,52.65,One year,Fiber,2,Cash,579.15,No
44,Male,5,91.43,Month-to-month,Fiber,1,Cash,457.15000000000003,Yes
68,Female,56,89.23,Two year,DSL,0,Bank Transfer,4996.88,No
51,Female,20,66.43,One year,Fiber,4,Card,1328.6000000000001,No
69,Male,41,47.94,Month-to-month,Fiber,3,Card,1965.54,No
55,Male,46,62.94,One year,DSL,2,Card,2895.24,No
50,Male,12,77.16,One year,Fiber,1,Bank Transfer,925.92,No
41,Male,70,67.26,One year,Fiber,0,Bank Transfer,4708.200000000001,No
32,Male,17,86.81,One year,Fiber,3,Cash,1475.77,No
47,Female,19,99.86,One year,Fiber,1,Card,1897.34,No
59,Female,26,51.47,One year,DSL,5,Bank Transfer,1338.22,No
68,Female,48,67.58,Month-to-month,DSL,4,Bank Transfer,3243.84,Yes
34,Female,52,65.86,Month-to-month,Fiber,5,Bank Transfer,3424.72,Yes
22,Male,70,58.27,Two year,Fiber,4,Card,4078.9,No
46,Male,55,51.89,Month-to-month,Fiber,3,Card,2853.95,No
21,Male,33,43.94,Month-to-month,Fiber,5,Cash,1450.02,Yes
27,Male,62,93.23,Month-to-month,DSL,4,Card,5780.26,Yes
34,Male,23,65.19,Month-to-month,DSL,2,Bank Transfer,1499.37,No
27,Female,15,69.81,Two year,Fiber,3,Cash,1047.15,No
34,Male,27,95.02,Month-to-month,DSL,4,Card,2565.54,Yes
37,Female,64,86.58,Month-to-month,Fiber,0,Card,5541.12,No
41,Female,51,47.83,One year,DSL,4,Card,2439.33,No
22,Female,53,73.93,Two year,Fiber,5,Card,3918.2900000000004,No
51,Female,51,66.54,Month-to-month,DSL,2,Bank Transfer,3393.5400000000004,No
23,Male,47,87.83,Month-to-month,Fiber,1,Card,4128.01,No
19,Female,4,83.45,Two year,Fiber,1,Bank Transfer,333.8,No
30,Female,7,81.42,One year,DSL,4,Bank Transfer,569.94,Yes
60,Female,35,60.43,Month-to-month,DSL,1,Bank Transfer,2115.05,No
60,Male,48,88.3,Month-to-month,DSL,4,Cash,4238.4,Yes
65,Male,45,43.14,Month-to-month,Fiber,2,Bank Transfer,1941.3,No
28,Male,19,49.58,Month-to-month,DSL,1,Card,942.02,No
68,Female,63,60.14,Month-to-month,Fiber,5,Cash,3788.82,Yes
64,Female,38,44.61,Two year,None,5,Card,1695.18,No
40,Male,67,54.1,Month-to-month,Fiber,0,Bank Transfer,3624.7000000000003,No
33,Female,59,89.81,One year,DSL,4,Card,5298.79,No
48,Male,69,96.9,Month-to-month,None,1,Cash,6686.1,No
28,Male,13,58.28,One year,DSL,5,Cash,757.64,No
33,Female,47,55.87,One year,Fiber,2,Card,2625.89,No
25,Female,61,56.79,Month-to-month,Fiber,2,Card,3464.19,No
21,Female,31,56.66,One year,Fiber,0,Card,1756.4599999999998,No
57,Female,22,42.16,Month-to-month,Fiber,2,Cash,927.52,No
21,Male,43,95.61,Two year,DSL,2,Bank Transfer,4111.23,No
42,Male,67,52.82,Two year,DSL,1,Card,3538.94,No
20,Male,54,65.2,Month-to-month,Fiber,4,Bank Transfer,3520.8,Yes
49,Male,10,40.58,Month-to-month,DSL,3,Cash,405.79999999999995,Yes
20,Male,42,91.48,Month-to-month,None,2,Card,3842.1600000000003,No
44,Female,64,83.87,One year,None,2,Card,5367.68,No
46,Male,21,96.81,Month-to-month,Fiber,3,Cash,2033.01,No
49,Male,66,86.9,Month-to-month,Fiber,2,Card,5735.400000000001,No
67,Male,41,58.82,Month-to-month,Fiber,1,Bank Transfer,2411.62,No
68,Female,24,54.87,Month-to-month,None,1,Cash,1316.8799999999999,No
36,Female,35,81.86,One year,Fiber,3,Cash,2865.1,No
38,Female,56,61.85,Month-to-month,Fiber,5,Card,3463.6,Yes
22,Female,30,73.97,One year,DSL,2,Cash,2219.1,No
35,Male,57,40.38,Month-to-month,DSL,5,Card,2301.6600000000003,Yes
45,Male,47,43.71,Month-to-month,Fiber,2,Card,2054.37,No
59,Female,35,72.12,One year,Fiber,4,Cash,2524.2000000000003,No
39,Female,19,73.96,Two year,Fiber,2,Card,1405.2399999999998,No
38,Male,8,85.09,One year,DSL,1,Bank Transfer,680.72,No
23,Male,26,47.92,Month-to-month,DSL,0,Bank Transfer,1245.92,No
18,Female,71,70.79,Month-to-month,DSL,0,Card,5026.09,No
22,Female,30,51.67,Two year,DSL,0,Bank Transfer,1550.1000000000001,No
58,Female,7,45.59,Month-to-month,DSL,0,Card,319.13,Yes
29,Female,67,64.63,Month-to-month,Fiber,5,Bank Transfer,4330.21,Yes
43,Male,65,49.8,Two year,Fiber,5,Cash,3237.0,No
63,Male,36,53.31,Two year,Fiber,2,Card,1919.16,No
51,Male,25,59.05,Two year,DSL,5,Card,1476.25,No
66,Female,37,55.56,Two year,DSL,2,Card,2055.7200000000003,No
31,Female,1,45.26,Two year,Fiber,4,Card,45.26,Yes
43,Male,15,45.39,Month-to-month,Fiber,2,Card,680.85,No
62,Male,37,51.59,Month-to-month,DSL,0,Card,1908.8300000000002,No
44,Male,13,43.03,One year,Fiber,3,Cash,559.39,No
26,Male,8,77.59,One year,DSL,3,Cash,620.72,No
43,Female,5,57.24,Month-to-month,Fiber,1,Bank Transfer,286.2,Yes
64,Male,60,56.78,Month-to-month,Fiber,1,Card,3406.8,No
39,Male,1,59.92,Month-to-month,DSL,2,Bank Transfer,59.92,Yes
64,Male,36,79.77,One year,Fiber,3,Bank Transfer,2871.72,No
47,Male,35,92.24,Month-to-month,DSL,0,Cash,3228.3999999999996,No
60,Male,66,85.55,Month-to-month,Fiber,5,Bank Transfer,5646.3,Yes
65,Male,63,83.65,One year,Fiber,0,Cash,5269.950000000001,No
34,Male,23,69.06,One year,Fiber,0,Bank Transfer,1588.38,No
43,Female,9,81.63,Month-to-month,Fiber,2,Card,734.67,Yes
53,Female,34,73.17,One year,Fiber,2,Bank Transfer,2487.78,No
18,Female,46,52.98,One year,DSL,4,Cash,2437.08,No
25,Female,4,52.52,Month-to-month,Fiber,0,Cash,210.08,Yes
66,Male,30,57.78,Month-to-month,DSL,0,Cash,1733.4,No
52,Female,3,94.65,Month-to-month,DSL,2,Bank Transfer,283.95000000000005,Yes
69,Female,14,72.84,Month-to-month,Fiber,2,Bank Transfer,1019.76,No
32,Male,60,84.03,Two year,DSL,4,Cash,5041.8,No
64,Male,45,60.79,Month-to-month,DSL,4,Card,2735.55,Yes
39,Female,34,64.46,One year,Fiber,1,Card,2191.64,No
31,Female,45,47.53,Month-to-month,DSL,3,Bank Transfer,2138.85,No
43,Male,61,50.28,Month-to-month,Fiber,0,Bank Transfer,3067.08,No
45,Female,16,89.64,One year,DSL,0,Cash,1434.24,No
40,Male,66,75.09,Month-to-month,DSL,4,Bank Transfer,4955.9400000000005,Yes
31,Male,40,60.25,Month-to-month,DSL,4,Bank Transfer,2410.0,Yes
41,Male,17,88.17,Month-to-month,Fiber,1,Cash,1498.89,No
19,Male,34,54.79,Month-to-month,Fiber,3,Cash,1862.86,No
62,Female,16,98.56,One year,DSL,1,Bank Transfer,1576.96,No
43,Male,60,60.69,Month-to-month,DSL,3,Card,3641.3999999999996,No
31,Male,66,60.24,Two year,None,5,Bank Transfer,3975.84,No
68,Female,66,58.71,One year,DSL,0,Card,3874.86,No
24,Male,13,47.33,Month-to-month,Fiber,1,Card,615.29,No
20,Female,56,46.67,Month-to-month,DSL,4,Card,2613.52,Yes
64,Female,31,78.89,Month-to-month,Fiber,1,Cash,2445.59,No
40,Female,34,92.51,One year,DSL,5,Cash,3145.34,No
63,Male,39,87.43,Month-to-month,Fiber,1,Cash,3409.7700000000004,No
60,Female,67,48.47,Two year,Fiber,0,Bank Transfer,3247.49,No
64,Female,8,72.73,Month-to-month,Fiber,5,Cash,581.84,Yes
62,Male,55,46.34,Two year,DSL,4,Cash,2548.7000000000003,No
35,Female,27,42.72,Month-to-month,Fiber,4,Bank Transfer,1153.44,Yes
55,Female,53,79.38,Two year,Fiber,2,Bank Transfer,4207.139999999999,No
52,Female,39,72.11,Month-to-month,DSL,5,Card,2812.29,Yes
68,Female,65,44.92,Month-to-month,DSL,2,Bank Transfer,2919.8,No
32,Female,17,42.1,Month-to-month,Fiber,2,Bank Transfer,715.7,No
42,Male,30,99.39,Month-to-month,DSL,0,Cash,2981.7,No
54,Female,53,41.8,Two year,Fiber,1,Card,2215.3999999999996,No
45,Female,13,66.67,Month-to-month,Fiber,4,Card,866.71,Yes
27,Male,21,70.28,Month-to-month,Fiber,4,Bank Transfer,1475.88,Yes
56,Male,19,47.04,One year,None,1,Cash,893.76,No
34,Male,53,50.14,Month-to-month,None,4,Cash,2657.42,Yes
56,Female,19,61.11,One year,DSL,1,Cash,1161.09,No
39,Male,57,85.7,One year,Fiber,5,Cash,4884.900000000001,No
43,Female,25,70.42,Month-to-month,DSL,0,Bank Transfer,1760.5,No
61,Female,31,78.27,Two year,Fiber,0,Cash,2426.37,No
42,Male,55,99.11,Month-to-month,Fiber,0,Card,5451.05,No
34,Male,23,86.08,Month-to-month,DSL,1,Card,1979.84,No
30,Female,32,66.06,One year,None,1,Bank Transfer,2113.92,No
37,Male,62,66.79,One year,DSL,3,Cash,4140.9800000000005,No
42,Female,10,77.13,Month-to-month,Fiber,4,Cash,771.3,Yes
21,Male,54,79.92,One year,Fiber,4,Cash,4315.68,No
27,Male,52,70.04,Month-to-month,Fiber,3,Cash,3642.0800000000004,No
20,Male,20,78.69,Month-to-month,DSL,3,Bank Transfer,1573.8,No
58,Female,32,41.41,Two year,Fiber,0,Cash,1325.12,No
62,Male,14,65.78,Month-to-month,Fiber,3,Bank Transfer,920.9200000000001,No
35,Female,50,56.74,Month-to-month,DSL,1,Cash,2837.0,No
64,Female,28,47.75,Two year,Fiber,2,Cash,1337.0,No
53,Female,53,45.97,Two year,DSL,1,Card,2436.41,No
64,Female,24,76.19,Month-to-month,Fiber,3,Bank Transfer,1828.56,No
39,Male,22,71.42,One year,Fiber,4,Card,1571.24,No
51,Female,30,55.22,One year,Fiber,1,Bank Transfer,1656.6,No
64,Female,63,68.26,Two year,Fiber,4,Cash,4300.38,No
25,Male,4,69.53,Two year,Fiber,1,Cash,278.12,No
57,Female,59,51.7,Month-to-month,Fiber,4,Bank Transfer,3050.3,Yes
66,Male,8,79.13,Month-to-month,DSL,5,Card,633.04,Yes
61,Female,12,86.86,Month-to-month,DSL,1,Bank Transfer,1042.32,No
36,Male,31,87.49,One year,Fiber,4,Bank Transfer,2712.19,No
59,Female,34,76.15,One year,Fiber,2,Cash,2589.1000000000004,No
58,Male,49,70.7,One year,Fiber,0,Card,3464.3,No
54,Female,57,43.66,Two year,DSL,1,Bank Transfer,2488.62,No
23,Female,26,57.27,Month-to-month,DSL,2,Card,1489.02,No
69,Male,18,45.6,Month-to-month,DSL,0,Card,820.8000000000001,No
43,Male,38,97.83,Month-to-month,None,1,Bank Transfer,3717.54,No
51,Male,50,48.1,Month-to-month,Fiber,2,Card,2405.0,No
62,Male,8,49.11,Month-to-month,DSL,2,Cash,392.88,Yes
23,Female,41,93.37,Month-to-month,DSL,5,Cash,3828.17,Yes
54,Female,6,96.64,One year,None,2,Cash,579.84,No
50,Male,69,85.95,Two year,DSL,5,Cash,5930.55,No
39,Female,44,40.32,One year,Fiber,3,Card,1774.08,No
38,Male,64,40.08,One year,DSL,4,Cash,2565.12,No
23,Male,29,62.69,Month-to-month,None,0,Bank Transfer,1818.01,No
23,Female,28,48.6,One year,Fiber,4,Cash,1360.8,No
65,Female,11,41.1,One year,Fiber,4,Bank Transfer,452.1,Yes
21,Female,65,67.84,One year,DSL,5,Bank Transfer,4409.6,No
47,Female,19,96.58,Month-to-month,DSL,4,Cash,1835.02,Yes
28,Female,9,59.43,Month-to-month,Fiber,2,Cash,534.87,Yes
47,Female,27,79.67,Month-to-month,Fiber,5,Card,2151.09,Yes
48,Female,34,79.13,One year,DSL,4,Bank Transfer,2690.42,No
41,Male,44,55.06,Two year,DSL,5,Cash,2422.6400000000003,No
26,Male,68,79.03,Two year,Fiber,3,Card,5374.04,No
20,Male,15,52.74,Month-to-month,Fiber,5,Cash,791.1,Yes
68,Male,51,47.32,One year,DSL,1,Cash,2413.32,No
48,Male,13,82.08,Two year,DSL,2,Cash,1067.04,No
57,Female,49,46.81,Month-to-month,None,0,Bank Transfer,2293.69,No
54,Male,70,99.81,Month-to-month,Fiber,1,Cash,6986.7,No
53,Male,56,51.01,Two year,Fiber,1,Card,2856.56,No
41,Male,51,75.65,Month-to-month,Fiber,1,Cash,3858.15,No
48,Male,37,64.68,Two year,DSL,4,Cash,2393.1600000000003,No
23,Male,17,47.58,Two year,DSL,5,Card,808.86,No
19,Male,58,41.67,One year,DSL,5,Card,2416.86,No
37,Male,29,77.36,Two year,Fiber,4,Bank Transfer,2243.44,No
45,Female,33,88.41,One year,Fiber,2,Bank Transfer,2917.5299999999997,No
28,Female,60,90.52,One year,DSL,4,Bank Transfer,5431.2,No
21,Male,55,68.96,Month-to-month,None,4,Bank Transfer,3792.7999999999997,Yes
32,Female,10,86.65,Month-to-month,DSL,4,Card,866.5,Yes
23,Female,47,80.37,Month-to-month,None,2,Cash,3777.3900000000003,No
66,Female,23,83.46,One year,None,2,Cash,1919.58,No
47,Female,21,69.56,Month-to-month,DSL,3,Cash,1460.76,No
55,Male,13,78.0,Month-to-month,DSL,3,Bank Transfer,1014.0,No
68,Female,33,88.33,Month-to-month,Fiber,3,Card,2914.89,No
19,Female,24,63.87,One year,Fiber,3,Card,1532.8799999999999,No
32,Female,11,88.36,Two year,Fiber,5,Card,971.96,Yes
28,Male,17,75.52,Two year,None,1,Cash,1283.84,No
25,Male,68,49.95,Month-to-month,Fiber,1,Bank Transfer,3396.6000000000004,No
43,Male,47,41.48,Two year,DSL,3,Card,1949.56,No
68,Male,25,61.77,One year,DSL,3,Bank Transfer,1544.25,No
62,Male,21,72.8,One year,Fiber,0,Card,1528.8,No
61,Male,12,90.39,One year,DSL,1,Bank Transfer,1084.68,No
22,Male,37,47.65,Month-to-month,Fiber,0,Card,1763.05,No
23,Female,42,88.01,Two year,DSL,0,Bank Transfer,3696.42,No
43,Female,17,91.78,Month-to-month,DSL,4,Card,1560.26,Yes
21,Female,48,49.04,Month-to-month,DSL,5,Card,2353.92,Yes
36,Male,28,91.1,One year,Fiber,2,Bank Transfer,2550.7999999999997,No
37,Male,41,99.49,Month-to-month,DSL,1,Bank Transfer,4079.0899999999997,No
50,Male,47,83.61,Month-to-month,Fiber,3,Cash,3929.67,No
37,Male,18,87.09,One year,Fiber,3,Bank Transfer,1567.6200000000001,No
66,Male,71,99.66,Month-to-month,Fiber,2,Card,7075.86,No
29,Female,13,76.33,One year,Fiber,1,Card,992.29,No
64,Female,13,58.47,One year,DSL,3,Bank Transfer,760.11,No
18,Male,31,90.25,One year,Fiber,3,Cash,2797.75,No
43,Male,2,76.87,One year,DSL,4,Bank Transfer,153.74,Yes
31,Male,16,74.87,One year,Fiber,0,Card,1197.92,No
55,Male,9,55.22,One year,DSL,3,Card,496.98,No
54,Female,38,85.38,One year,Fiber,5,Cash,3244.4399999999996,No
28,Male,54,44.9,One year,None,1,Bank Transfer,2424.6,No
53,Male,56,95.46,One year,Fiber,5,Card,5345.759999999999,No
30,Male,45,59.55,Two year,Fiber,2,Card,2679.75,No
60,Male,34,47.67,Month-to-month,Fiber,4,Card,1620.78,Yes
20,Female,9,66.54,Month-to-month,DSL,1,Bank Transfer,598.86,Yes
50,Male,8,42.55,Two year,None,4,Bank Transfer,340.4,Yes
23,Male,7,81.08,Month-to-month,DSL,0,Cash,567.56,Yes
67,Female,36,94.16,Month-to-month,None,3,Card,3389.7599999999998,No
27,Female,18,90.24,One year,Fiber,1,Card,1624.32,No
22,Female,3,47.64,Month-to-month,Fiber,2,Cash,142.92000000000002,Yes
40,Male,28,47.58,Month-to-month,Fiber,0,Card,1332.24,No
27,Male,70,88.81,Two year,Fiber,0,Cash,6216.7,No
61,Female,44,95.46,One year,Fiber,4,Cash,4200.24,No
19,Female,21,67.64,Month-to-month,DSL,0,Card,1420.44,No
30,Female,28,69.94,Two year,Fiber,1,Bank Transfer,1958.32,No
57,Female,54,59.1,Two year,Fiber,4,Bank Transfer,3191.4,No
19,Female,54,93.66,Month-to-month,Fiber,0,Bank Transfer,5057.639999999999,No
37,Female,65,78.69,Month-to-month,Fiber,2,Bank Transfer,5114.849999999999,No
18,Male,21,57.3,Two year,DSL,5,Card,1203.3,No
54,Male,13,57.93,One year,DSL,1,Cash,753.09,No
26,Male,57,93.47,One year,Fiber,2,Cash,5327.79,No
34,Female,49,40.82,Two year,DSL,2,Card,2000.18,No
26,Female,54,59.36,One year,DSL,4,Bank Transfer,3205.44,No
28,Female,10,73.26,Month-to-month,Fiber,3,Cash,732.6,Yes
32,Female,53,48.89,One year,Fiber,4,Card,2591.17,No
41,Female,44,45.53,Month-to-month,Fiber,1,Card,2003.3200000000002,No
55,Female,47,88.92,One year,DSL,1,Bank Transfer,4179.24,No
52,Male,53,93.66,One year,Fiber,4,Card,4963.98,No
47,Male,46,89.42,Month-to-month,DSL,3,Cash,4113.32,No
48,Female,13,93.93,One year,Fiber,4,Cash,1221.0900000000001,No
66,Male,37,73.19,Month-to-month,DSL,1,Card,2708.0299999999997,No
22,Female,24,88.74,Month-to-month,Fiber,3,Cash,2129.7599999999998,No
61,Male,2,63.04,One year,Fiber,1,Card,126.08,No
67,Female,14,79.98,Month-to-month,Fiber,3,Cash,1119.72,No
31,Female,10,99.33,One year,Fiber,3,Bank Transfer,993.3,No
28,Male,35,53.54,Month-to-month,Fiber,4,Cash,1873.8999999999999,Yes
26,Male,25,63.39,One year,DSL,4,Bank Transfer,1584.75,No
51,Female,3,68.8,Two year,Fiber,4,Bank Transfer,206.39999999999998,Yes
29,Female,17,48.28,One year,DSL,3,Card,820.76,No
52,Male,12,44.86,Month-to-month,None,3,Bank Transfer,538.3199999999999,No
52,Male,54,89.78,Two year,Fiber,1,Cash,4848.12,No
18,Female,24,98.61,Month-to-month,DSL,2,Cash,2366.64,No
57,Male,29,64.28,Month-to-month,Fiber,4,Bank Transfer,1864.1200000000001,Yes
39,Female,43,45.26,Month-to-month,DSL,5,Card,1946.1799999999998,Yes
46,Female,25,43.95,Month-to-month,DSL,1,Bank Transfer,1098.75,No
25,Female,60,93.48,Two year,None,1,Cash,5608.8,No
28,Female,65,67.83,Month-to-month,Fiber,0,Cash,4408.95,No
58,Male,28,59.2,One year,Fiber,4,Bank Transfer,1657.6000000000001,No
54,Male,16,68.59,One year,DSL,1,Bank Transfer,1097.44,No
31,Male,47,59.1,Month-to-month,DSL,0,Bank Transfer,2777.7000000000003,No
47,Male,58,69.34,One year,None,5,Cash,4021.7200000000003,No
52,Male,27,91.57,Month-to-month,DSL,5,Cash,2472.39,Yes
38,Male,53,75.54,Month-to-month,DSL,4,Cash,4003.6200000000003,Yes
54,Male,42,81.68,Month-to-month,Fiber,3,Card,3430.5600000000004,No
22,Female,59,61.88,Two year,Fiber,0,Cash,3650.92,No
36,Male,47,84.31,Two year,Fiber,3,Cash,3962.57,No
31,Male,34,80.0,Month-to-month,DSL,5,Card,2720.0,Yes
43,Female,37,47.17,Month-to-month,DSL,5,Card,1745.29,Yes
21,Male,6,74.36,One year,DSL,2,Card,446.15999999999997,No
42,Male,7,55.4,Month-to-month,None,2,Card,387.8,Yes
62,Female,25,88.25,Two year,DSL,2,Card,2206.25,No
59,Male,33,65.56,One year,Fiber,2,Card,2163.48,No
42,Male,55,99.68,Month-to-month,Fiber,1,Bank Transfer,5482.400000000001,No
35,Male,58,45.55,Two year,Fiber,2,Bank Transfer,2641.8999999999996,No
57,Female,7,86.82,Month-to-month,Fiber,1,Bank Transfer,607.74,Yes
25,Male,57,80.42,Two year,DSL,1,Bank Transfer,4583.9400000000005,No
56,Male,12,86.05,Two year,DSL,4,Cash,1032.6,No
57,Female,16,58.45,Month-to-month,Fiber,1,Card,935.2,No
31,Male,43,69.52,Month-to-month,DSL,1,Cash,2989.3599999999997,No
49,Female,7,87.79,Two year,Fiber,2,Card,614.5300000000001,No
68,Female,51,53.95,Two year,Fiber,1,Card,2751.4500000000003,No
55,Male,32,53.56,Month-to-month,Fiber,3,Cash,1713.92,No
50,Female,8,73.06,Two year,DSL,2,Bank Transfer,584.48,No
40,Female,45,71.41,Month-to-month,None,0,Cash,3213.45,No
32,Male,59,56.94,Month-to-month,DSL,2,Cash,3359.46,No
50,Female,4,57.88,Two year,Fiber,1,Card,231.52,No
42,Female,67,56.67,Month-to-month,Fiber,3,Card,3796.8900000000003,No
34,Male,29,86.29,Two year,Fiber,2,Card,2502.4100000000003,No
50,Male,29,79.11,Month-to-month,Fiber,3,Bank Transfer,2294.19,No
64,Male,28,89.95,One year,None,0,Cash,2518.6,No
19,Female,44,98.53,Month-to-month,None,5,Cash,4335.32,Yes
31,Male,4,68.45,One year,Fiber,0,Bank Transfer,273.8,No
57,Female,9,44.0,One year,DSL,5,Cash,396.0,Yes
57,Female,5,42.89,Month-to-month,Fiber,4,Cash,214.45,Yes
68,Female,56,57.74,One year,Fiber,5,Card,3233.44,No
56,Female,50,95.95,Month-to-month,DSL,4,Bank Transfer,4797.5,Yes
68,Female,15,71.39,Month-to-month,DSL,2,Card,1070.85,No
23,Female,32,56.31,Two year,DSL,4,Bank Transfer,1801.92,No
23,Female,28,63.95,Month-to-month,DSL,3,Card,1790.6000000000001,No
20,Male,22,75.92,One year,Fiber,4,Cash,1670.24,No
24,Male,17,79.18,One year,None,3,Bank Transfer,1346.0600000000002,No
68,Female,59,49.24,One year,Fiber,5,Bank Transfer,2905.1600000000003,No
25,Female,71,98.62,Month-to-month,Fiber,5,Card,7002.02,Yes
59,Male,57,72.69,Month-to-month,None,5,Bank Transfer,4143.33,Yes
69,Female,26,48.14,Month-to-month,DSL,4,Cash,1251.64,Yes
32,Male,25,93.62,One year,Fiber,5,Cash,2340.5,No
64,Male,10,44.48,Two year,Fiber,4,Cash,444.79999999999995,Yes
46,Male,45,94.46,One year,Fiber,4,Card,4250.7,No
50,Female,11,99.79,Month-to-month,DSL,1,Bank Transfer,1097.69,Yes
69,Female,53,82.03,Month-to-month,Fiber,1,Card,4347.59,No
47,Male,68,86.23,Month-to-month,DSL,4,Cash,5863.64,Yes
56,Male,28,60.24,Month-to-month,Fiber,3,Bank Transfer,1686.72,No
44,Male,65,96.49,Month-to-month,DSL,2,Cash,6271.849999999999,No
53,Male,49,71.78,Month-to-month,Fiber,0,Bank Transfer,3517.2200000000003,No
46,Male,47,83.94,Month-to-month,DSL,1,Bank Transfer,3945.18,No
55,Female,52,95.45,Month-to-month,DSL,4,Card,4963.400000000001,Yes
50,Male,54,98.51,Month-to-month,Fiber,0,Bank Transfer,5319.54,No
54,Female,60,89.99,Month-to-month,DSL,1,Cash,5399.4,No
44,Male,57,58.18,Month-to-month,Fiber,2,Bank Transfer,3316.2599999999998,No
50,Female,47,97.99,Month-to-month,None,3,Cash,4605.53,No
21,Female,31,77.69,One year,Fiber,4,Card,2408.39,No
39,Female,46,95.84,Month-to-month,DSL,2,Cash,4408.64,No
19,Female,26,80.57,Month-to-month,Fiber,1,Bank Transfer,2094.8199999999997,No
27,Female,5,58.43,Month-to-month,Fiber,4,Cash,292.15,Yes
22,Female,52,62.2,Month-to-month,Fiber,0,Cash,3234.4,No
27,Male,54,73.03,Month-to-month,DSL,5,Bank Transfer,3943.62,Yes
50,Female,33,87.4,Month-to-month,Fiber,3,Cash,2884.2000000000003,No
55,Male,50,59.08,One year,Fiber,1,Bank Transfer,2954.0,No
30,Female,38,74.78,Month-to-month,DSL,3,Card,2841.64,No
48,Female,27,60.74,Month-to-month,DSL,4,Cash,1639.98,Yes
64,Male,15,88.95,Two year,Fiber,5,Card,1334.25,No
53,Female,61,68.0,Month-to-month,Fiber,2,Cash,4148.0,No
62,Male,21,44.6,Month-to-month,None,3,Cash,936.6,No
41,Male,46,49.96,Two year,Fiber,0,Card,2298.16,No
69,Male,69,43.67,Two year,DSL,1,Cash,3013.23,No
32,Male,6,69.96,Month-to-month,DSL,0,Cash,419.76,Yes
46,Female,38,46.38,Month-to-month,None,3,Card,1762.44,No
25,Female,62,46.85,Month-to-month,None,5,Cash,2904.7000000000003,Yes
22,Male,62,96.46,Month-to-month,None,2,Bank Transfer,5980.5199999999995,No
46,Female,46,92.36,One year,Fiber,2,Cash,4248.56,No
64,Female,13,67.13,Month-to-month,DSL,0,Cash,872.6899999999999,No
21,Male,3,99.15,Month-to-month,Fiber,4,Cash,297.45000000000005,Yes
29,Female,6,40.01,Two year,Fiber,4,Card,240.06,Yes
62,Male,8,76.84,Two year,DSL,5,Bank Transfer,614.72,Yes
19,Male,44,76.99,Month-to-month,Fiber,2,Bank Transfer,3387.56,No
44,Female,33,67.45,One year,DSL,0,Cash,2225.85,No
48,Female,50,63.82,Month-to-month,DSL,0,Card,3191.0,No
68,Female,11,67.32,Two year,Fiber,0,Card,740.52,No
68,Male,28,64.9,Month-to-month,Fiber,3,Bank Transfer,1817.2000000000003,No
53,Male,70,83.83,Month-to-month,Fiber,5,Card,5868.099999999999,Yes
53,Female,41,48.12,Month-to-month,DSL,4,Cash,1972.9199999999998,Yes
43,Female,16,51.86,Month-to-month,DSL,4,Cash,829.76,Yes
60,Female,68,50.83,Month-to-month,DSL,3,Card,3456.44,No
44,Female,48,55.75,One year,DSL,1,Cash,2676.0,No
22,Male,56,71.52,One year,DSL,3,Bank Transfer,4005.12,No
37,Female,64,46.67,Month-to-month,Fiber,5,Cash,2986.88,Yes
28,Male,59,92.09,Month-to-month,Fiber,0,Card,5433.31,No
27,Male,62,57.84,Month-to-month,Fiber,3,Bank Transfer,3586.0800000000004,No
57,Female,11,49.75,Two year,None,0,Cash,547.25,No
55,Female,18,80.54,Two year,Fiber,5,Bank Transfer,1449.72,No
23,Female,19,42.29,Two year,DSL,5,Card,803.51,No
25,Male,55,77.2,Two year,DSL,2,Cash,4246.0,No
40,Female,26,81.89,Month-to-month,Fiber,0,Cash,2129.14,No
64,Female,6,52.89,Month-to-month,Fiber,4,Bank Transfer,317.34000000000003,Yes
43,Male,4,42.52,One year,Fiber,3,Cash,170.08,No
63,Female,29,61.82,Two year,Fiber,5,Cash,1792.78,No
60,Male,59,45.92,Month-to-month,None,0,Cash,2709.28,No
29,Female,17,46.99,Month-to-month,None,1,Cash,798.83,No
43,Male,43,55.26,Two year,Fiber,2,Card,2376.18,No
30,Female,66,57.73,Month-to-month,DSL,1,Cash,3810.18,No
57,Female,34,71.8,Month-to-month,None,5,Bank Transfer,2441.2,Yes
35,Male,8,80.7,One year,Fiber,1,Card,645.6,No
42,Male,13,75.57,Month-to-month,DSL,1,Bank Transfer,982.4099999999999,No
50,Female,8,48.9,Month-to-month,Fiber,2,Bank Transfer,391.2,Yes
64,Male,65,50.33,One year,Fiber,2,Bank Transfer,3271.45,No
57,Male,43,92.73,One year,Fiber,2,Card,3987.3900000000003,No
60,Male,39,73.5,Two year,Fiber,2,Card,2866.5,No
29,Male,59,92.2,Month-to-month,DSL,1,Card,5439.8,No
61,Female,44,62.29,Month-to-month,None,4,Cash,2740.7599999999998,Yes
53,Female,9,76.86,One year,Fiber,4,Bank Transfer,691.74,Yes
65,Male,37,71.42,One year,Fiber,2,Card,2642.54,No
21,Male,36,59.15,Month-to-month,DSL,3,Bank Transfer,2129.4,No
22,Male,28,68.19,One year,DSL,0,Card,1909.32,No
54,Male,42,70.15,Month-to-month,Fiber,5,Card,2946.3,Yes
25,Female,43,52.05,Month-to-month,DSL,3,Card,2238.15,No
59,Female,42,58.9,Month-to-month,DSL,5,Bank Transfer,2473.7999999999997,Yes
66,Male,66,87.48,Month-to-month,Fiber,3,Cash,5773.68,No
45,Male,55,94.95,Month-to-month,Fiber,3,Card,5222.25,No
48,Male,48,61.59,One year,Fiber,4,Card,2956.32,No
26,Female,22,58.42,One year,DSL,0,Card,1285.24,No
68,Male,27,51.71,Two year,Fiber,3,Cash,1396.17,No
46,Female,67,80.71,Month-to-month,Fiber,2,Bank Transfer,5407.57,No
31,Male,13,59.39,Month-to-month,DSL,5,Bank Transfer,772.07,Yes
57,Female,45,99.26,Month-to-month,DSL,4,Bank Transfer,4466.7,Yes
58,Male,10,59.54,Month-to-month,Fiber,5,Bank Transfer,595.4,Yes
39,Female,9,63.65,One year,None,2,Card,572.85,No
28,Male,54,76.2,One year,Fiber,2,Cash,4114.8,No
40,Male,27,88.1,One year,DSL,3,Card,2378.7,No
18,Male,34,68.17,Month-to-month,DSL,2,Cash,2317.78,No
63,Female,1,65.36,Month-to-month,Fiber,0,Bank Transfer,65.36,Yes
54,Male,32,99.74,Month-to-month,DSL,2,Cash,3191.68,No
38,Female,71,40.63,Month-to-month,Fiber,3,Card,2884.73,No
43,Female,67,93.7,One year,Fiber,5,Card,6277.900000000001,No
63,Male,20,48.95,Two year,DSL,2,Bank Transfer,979.0,No
53,Male,35,87.16,Month-to-month,Fiber,4,Card,3050.6,Yes
40,Male,17,77.08,One year,Fiber,4,Card,1310.36,No
18,Female,18,60.51,One year,Fiber,4,Cash,1089.18,No
68,Male,45,92.43,Month-to-month,DSL,5,Card,4159.35,Yes
57,Female,53,40.77,One year,DSL,1,Bank Transfer,2160.81,No
32,Female,68,53.6,Month-to-month,Fiber,4,Bank Transfer,3644.8,Yes
38,Male,65,74.01,Month-to-month,Fiber,4,Card,4810.650000000001,Yes
64,Male,1,61.09,One year,DSL,1,Bank Transfer,61.09,No
26,Male,58,76.62,Two year,DSL,5,Cash,4443.96,No
26,Male,26,41.45,Month-to-month,DSL,4,Cash,1077.7,Yes
27,Male,20,46.99,Month-to-month,None,3,Card,939.8000000000001,No
69,Male,10,47.63,Two year,Fiber,5,Card,476.3,Yes
43,Female,59,51.36,Two year,None,4,Cash,3030.24,No
58,Female,41,67.56,One year,DSL,4,Bank Transfer,2769.96,No
52,Female,5,85.13,Month-to-month,None,1,Card,425.65,Yes
69,Male,65,94.33,Two year,DSL,3,Card,6131.45,No
42,Female,17,90.12,Month-to-month,Fiber,5,Bank Transfer,1532.04,Yes
43,Female,22,51.81,One year,Fiber,2,Card,1139.8200000000002,No
28,Female,41,66.47,Month-to-month,DSL,0,Bank Transfer,2725.27,No
55,Female,68,51.96,One year,Fiber,3,Bank Transfer,3533.28,No
19,Female,69,55.87,Month-to-month,DSL,2,Bank Transfer,3855.0299999999997,No
24,Male,11,70.21,Month-to-month,DSL,3,Bank Transfer,772.31,Yes
35,Male,56,44.09,Month-to-month,Fiber,2,Bank Transfer,2469.04,No
44,Female,51,53.09,Month-to-month,Fiber,2,Cash,2707.59,No
51,Female,21,96.12,One year,Fiber,3,Bank Transfer,2018.52,No
44,Female,26,67.97,Two year,Fiber,1,Cash,1767.22,No
34,Male,19,66.72,Two year,Fiber,3,Bank Transfer,1267.68,No
60,Male,60,40.87,Month-to-month,DSL,3,Card,2452.2,No
61,Female,71,54.84,One year,DSL,2,Cash,3893.6400000000003,No
68,Male,47,91.98,One year,None,0,Card,4323.06,No
41,Male,71,49.88,Month-to-month,DSL,2,Bank Transfer,3541.48,No
42,Female,26,64.91,Month-to-month,Fiber,4,Bank Transfer,1687.6599999999999,Yes
24,Male,40,40.86,One year,DSL,3,Card,1634.4,No
69,Male,5,68.7,Two year,Fiber,5,Bank Transfer,343.5,Yes
23,Female,21,41.26,One year,Fiber,3,Card,866.4599999999999,No
41,Male,4,89.18,Month-to-month,DSL,1,Bank Transfer,356.72,Yes
50,Male,23,89.49,One year,DSL,5,Bank Transfer,2058.27,No
66,Female,15,87.26,Month-to-month,Fiber,2,Cash,1308.9,No
46,Male,8,57.0,One year,DSL,1,Card,456.0,No
60,Male,41,90.23,One year,DSL,3,Bank Transfer,3699.4300000000003,No
39,Female,19,72.58,Month-to-month,Fiber,2,Card,1379.02,No
43,Female,46,62.43,Two year,DSL,2,Cash,2871.78,No
45,Female,28,77.52,Month-to-month,Fiber,4,Card,2170.56,Yes
67,Male,68,40.74,Two year,Fiber,4,Cash,2770.32,No
38,Female,15,48.58,Month-to-month,DSL,0,Card,728.6999999999999,No
66,Male,37,84.54,Month-to-month,Fiber,4,Card,3127.98,Yes
24,Female,1,54.65,Month-to-month,Fiber,5,Cash,54.65,Yes
34,Male,67,75.88,Month-to-month,DSL,2,Bank Transfer,5083.96,No
37,Female,24,63.11,Month-to-month,Fiber,4,Bank Transfer,1514.6399999999999,Yes
58,Female,27,91.29,One year,DSL,0,Bank Transfer,2464.8300000000004,No
66,Female,40,97.14,One year,DSL,3,Card,3885.6,No
37,Female,63,93.01,One year,DSL,5,Card,5859.63,No
39,Male,61,56.24,Month-to-month,DSL,4,Bank Transfer,3430.6400000000003,Yes
45,Female,36,51.65,One year,DSL,2,Card,1859.3999999999999,No
57,Female,24,68.47,Month-to-month,Fiber,3,Card,1643.28,No
66,Male,24,40.44,One year,Fiber,2,Bank Transfer,970.56,No
24,Female,4,41.55,Month-to-month,Fiber,3,Cash,166.2,Yes
18,Male,67,73.2,Two year,Fiber,5,Card,4904.400000000001,No
49,Female,34,71.23,One year,Fiber,2,Card,2421.82,No
30,Female,57,99.67,One year,Fiber,4,Card,5681.1900000000005,No
47,Female,49,52.11,Month-to-month,Fiber,4,Card,2553.39,Yes
40,Male,53,55.49,Month-to-month,DSL,0,Cash,2940.9700000000003,No
68,Female,23,46.81,Month-to-month,Fiber,3,Bank Transfer,1076.63,No
36,Female,69,95.05,Two year,DSL,0,Card,6558.45,No
49,Female,53,86.67,Two year,DSL,1,Bank Transfer,4593.51,No
47,Male,62,89.34,Month-to-month,Fiber,4,Card,5539.08,Yes
46,Male,41,94.17,One year,DSL,3,Cash,3860.9700000000003,No
66,Female,57,71.49,One year,DSL,5,Bank Transfer,4074.93,No
62,Male,60,67.07,One year,Fiber,0,Cash,4024.2,No
46,Female,54,59.82,Month-to-month,Fiber,5,Card,3230.28,Yes
47,Female,70,75.35,Month-to-month,Fiber,5,Cash,5274.5,Yes
33,Female,57,67.26,Month-to-month,Fiber,5,Cash,3833.82,Yes
57,Female,10,67.09,Two year,DSL,0,Card,670.9000000000001,No
36,Female,40,96.22,Month-to-month,DSL,1,Card,3848.8,No
35,Female,7,99.04,Month-to-month,Fiber,0,Bank Transfer,693.2800000000001,Yes
18,Female,38,87.79,Two year,DSL,2,Card,3336.0200000000004,No
31,Male,61,85.41,One year,Fiber,4,Bank Transfer,5210.01,No
68,Male,3,80.83,Two year,DSL,0,Cash,242.49,No
64,Male,51,49.96,Month-to-month,Fiber,0,Cash,2547.96,No
67,Male,47,43.55,Month-to-month,Fiber,1,Bank Transfer,2046.85,No
19,Male,68,81.44,Two year,Fiber,2,Card,5537.92,No
45,Male,38,83.73,Month-to-month,Fiber,0,Card,3181.7400000000002,No
66,Male,36,42.82,Month-to-month,Fiber,4,Cash,1541.52,Yes
67,Female,41,95.68,Month-to-month,DSL,4,Bank Transfer,3922.88,Yes
47,Female,69,45.47,Month-to-month,DSL,0,Cash,3137.43,No
55,Female,13,57.15,Month-to-month,DSL,5,Cash,742.9499999999999,Yes
68,Female,58,80.34,Two year,Fiber,5,Card,4659.72,No
21,Male,50,50.19,Two year,DSL,2,Bank Transfer,2509.5,No
18,Male,30,43.32,Two year,Fiber,4,Cash,1299.6,No
25,Female,62,59.87,Month-to-month,DSL,5,Card,3711.94,Yes
46,Female,25,85.96,Month-to-month,Fiber,4,Cash,2149.0,Yes
56,Male,27,64.82,Month-to-month,Fiber,2,Cash,1750.1399999999999,No
20,Female,51,79.18,Two year,DSL,2,Card,4038.1800000000003,No
49,Female,57,74.78,Month-to-month,DSL,5,Card,4262.46,Yes
27,Female,47,41.33,One year,DSL,0,Bank Transfer,1942.51,No
27,Female,39,99.31,One year,Fiber,3,Cash,3873.09,No
36,Male,16,42.49,Month-to-month,Fiber,1,Bank Transfer,679.84,No
63,Female,22,98.07,Month-to-month,DSL,3,Card,2157.54,No
51,Female,54,72.99,Two year,Fiber,3,Card,3941.4599999999996,No
50,Male,21,97.79,Two year,DSL,4,Cash,2053.59,No
40,Male,16,46.89,Month-to-month,Fiber,2,Bank Transfer,750.24,No
45,Female,59,69.42,Month-to-month,Fiber,4,Bank Transfer,4095.78,Yes
49,Male,31,50.17,Two year,Fiber,5,Cash,1555.27,No
67,Female,42,43.06,Month-to-month,DSL,1,Cash,1808.52,No
24,Female,32,77.05,Month-to-month,Fiber,5,Bank Transfer,2465.6,Yes
46,Male,59,52.47,Month-to-month,Fiber,0,Card,3095.73,No
25,Female,34,75.26,One year,DSL,1,Card,2558.84,No
18,Female,9,46.74,Month-to-month,DSL,4,Cash,420.66,Yes
20,Female,11,59.92,Month-to-month,Fiber,4,Bank Transfer,659.12,Yes
41,Female,10,86.9,Month-to-month,Fiber,5,Bank Transfer,869.0,Yes
40,Male,17,66.22,One year,Fiber,4,Bank Transfer,1125.74,No
25,Male,68,77.66,Two year,Fiber,4,Card,5280.88,No
64,Female,48,78.85,Two year,Fiber,3,Card,3784.7999999999997,No
54,Male,52,90.63,Two year,DSL,0,Bank Transfer,4712.76,No
20,Female,25,59.5,One year,DSL,3,Bank Transfer,1487.5,No
68,Female,21,81.24,Month-to-month,None,4,Cash,1706.04,Yes
50,Female,65,97.7,Month-to-month,Fiber,2,Cash,6350.5,No
45,Female,63,83.81,Two year,Fiber,3,Bank Transfer,5280.03,No
64,Female,51,69.39,Month-to-month,Fiber,4,Bank Transfer,3538.89,Yes
25,Male,36,77.84,Month-to-month,None,4,Card,2802.2400000000002,Yes
51,Female,66,84.38,One year,Fiber,0,Bank Transfer,5569.08,No
52,Male,15,76.74,Month-to-month,Fiber,5,Cash,1151.1,Yes
49,Male,39,41.0,Month-to-month,Fiber,1,Card,1599.0,No
41,Female,70,51.69,Two year,DSL,3,Cash,3618.2999999999997,No
31,Female,1,88.63,Two year,Fiber,3,Cash,88.63,No
49,Female,23,56.36,Month-to-month,DSL,3,Card,1296.28,No
63,Female,39,83.89,Two year,Fiber,4,Cash,3271.71,No
60,Female,57,62.33,One year,Fiber,0,Bank Transfer,3552.81,No
33,Male,34,71.31,One year,Fiber,4,Cash,2424.54,No
21,Female,41,44.08,Month-to-month,Fiber,4,Card,1807.28,Yes
69,Female,13,50.87,Month-to-month,DSL,5,Card,661.31,Yes
54,Male,70,97.43,One year,DSL,2,Card,6820.1,No
38,Male,6,93.41,Two year,None,0,Cash,560.46,No
31,Female,52,79.14,One year,None,3,Bank Transfer,4115.28,No
48,Male,3,67.58,Month-to-month,DSL,1,Card,202.74,Yes
65,Female,63,80.55,Month-to-month,None,3,Bank Transfer,5074.65,No
35,Male,49,77.12,Two year,Fiber,4,Card,3778.88,No
24,Male,47,74.11,Month-to-month,Fiber,0,Bank Transfer,3483.17,No
27,Female,55,43.55,One year,DSL,0,Bank Transfer,2395.25,No
24,Male,64,77.97,Month-to-month,None,0,Bank Transfer,4990.08,No
50,Male,65,86.14,Month-to-month,Fiber,2,Card,5599.1,No
40,Male,67,99.64,One year,Fiber,3,Cash,6675.88,No
38,Male,15,40.66,One year,Fiber,2,Cash,609.9,No
36,Male,32,83.81,Month-to-month,Fiber,5,Cash,2681.92,Yes
65,Male,68,74.31,Month-to-month,Fiber,1,Bank Transfer,5053.08,No
36,Female,18,66.04,Two year,DSL,5,Card,1188.72,No
53,Female,43,47.65,Month-to-month,DSL,4,Bank Transfer,2048.95,Yes
46,Male,35,64.55,One year,DSL,2,Card,2259.25,No
35,Female,58,61.26,Two year,DSL,2,Bank Transfer,3553.08,No
19,Female,33,58.17,Month-to-month,Fiber,5,Card,1919.6100000000001,Yes
18,Female,14,83.85,Two year,Fiber,4,Card,1173.8999999999999,No
64,Male,34,82.04,Month-to-month,Fiber,0,Card,2789.36,No
22,Female,61,75.34,One year,DSL,4,Bank Transfer,4595.74,No
37,Male,4,96.32,Month-to-month,Fiber,3,Cash,385.28,Yes
28,Female,59,60.99,Two year,DSL,5,Bank Transfer,3598.4100000000003,No
59,Male,29,54.63,Month-to-month,DSL,4,Bank Transfer,1584.27,Yes
19,Male,6,79.35,Month-to-month,DSL,0,Card,476.09999999999997,Yes
20,Female,49,51.93,Two year,Fiber,4,Card,2544.57,No
40,Female,40,58.9,One year,DSL,2,Cash,2356.0,No
29,Male,65,53.48,One year,Fiber,1,Cash,3476.2,No
37,Female,69,44.15,Month-to-month,DSL,2,Card,3046.35,No
22,Female,27,89.65,One year,Fiber,1,Cash,2420.55,No
54,Female,6,55.27,Month-to-month,Fiber,4,Cash,331.62,Yes
55,Male,13,68.38,Month-to-month,None,3,Card,888.9399999999999,No
47,Male,64,42.6,One year,Fiber,4,Bank Transfer,2726.4,No
26,Female,62,81.96,Month-to-month,None,0,Cash,5081.5199999999995,No
51,Female,19,59.83,Two year,Fiber,4,Card,1136.77,No
61,Female,43,84.68,Two year,Fiber,1,Cash,3641.2400000000002,No
52,Male,20,64.74,One year,DSL,2,Cash,1294.8,No
69,Male,68,51.75,Two year,DSL,3,Card,3519.0,No
39,Female,44,70.79,One year,DSL,4,Cash,3114.76,No
61,Female,23,47.83,Month-to-month,Fiber,4,Cash,1100.09,Yes
41,Female,2,66.43,One year,Fiber,2,Cash,132.86,No
34,Female,22,59.04,Month-to-month,Fiber,3,Bank Transfer,1298.8799999999999,No
27,Female,57,94.72,Month-to-month,None,5,Bank Transfer,5399.04,Yes
47,Female,7,43.66,Two year,Fiber,4,Cash,305.62,Yes
63,Male,56,81.64,One year,Fiber,4,Card,4571.84,No
40,Female,67,50.97,Two year,None,5,Cash,3414.99,No
49,Male,16,59.14,Month-to-month,DSL,1,Cash,946.24,No
34,Female,51,64.93,One year,Fiber,1,Bank Transfer,3311.4300000000003,No
67,Female,12,94.48,Month-to-month,DSL,0,Bank Transfer,1133.76,No
68,Male,53,54.55,One year,Fiber,2,Bank Transfer,2891.1499999999996,No
34,Male,5,45.48,One year,DSL,3,Cash,227.39999999999998,No
31,Male,27,59.12,One year,Fiber,4,Cash,1596.24,No
26,Male,12,46.28,Month-to-month,Fiber,4,Card,555.36,Yes
57,Female,17,47.72,Month-to-month,DSL,0,Cash,811.24,No
19,Male,6,74.43,Month-to-month,DSL,4,Cash,446.58000000000004,Yes
62,Female,5,43.65,One year,Fiber,2,Bank Transfer,218.25,No
42,Male,57,41.86,Two year,None,0,Bank Transfer,2386.02,No
56,Female,28,82.86,Month-to-month,Fiber,2,Bank Transfer,2320.08,No
26,Female,69,61.7,One year,Fiber,0,Bank Transfer,4257.3,No
39,Female,59,47.52,Two year,DSL,4,Bank Transfer,2803.6800000000003,No
60,Female,33,55.22,One year,Fiber,0,Card,1822.26,No
63,Female,62,78.53,One year,Fiber,1,Card,4868.86,No
21,Female,50,56.53,Two year,Fiber,3,Card,2826.5,No
43,Male,19,69.67,Month-to-month,DSL,4,Bank Transfer,1323.73,Yes
46,Female,69,47.3,Month-to-month,Fiber,5,Bank Transfer,3263.7,Yes
62,Male,66,75.29,Month-to-month,Fiber,3,Bank Transfer,4969.14,No
51,Male,47,58.96,Two year,None,4,Card,2771.12,No
40,Female,39,77.62,Two year,None,3,Bank Transfer,3027.1800000000003,No
54,Male,68,88.5,One year,Fiber,1,Card,6018.0,No
28,Female,33,76.7,Month-to-month,Fiber,3,Bank Transfer,2531.1,No
23,Male,13,57.74,Month-to-month,DSL,0,Cash,750.62,No
35,Female,54,55.34,Month-to-month,Fiber,3,Card,2988.36,No
